"","Full.Name","GICS.Sector","GICS.Sub.Industry","environmentScore","socialScore","governanceScore","totalEsg","highestControversy","percentile","ratingYear","ratingMonth","marketCap","beta","overallRisk","avg_price","total_return","avg_log_return","volatility","max_drawdown"
"A","Agilent Technologies","Health Care","Life Sciences Tools & Services",1.12,6.42,6.1,13.64,"2",7.98,2023,9,39751831552,1.054,"8",131.894090807609,-4.74539818434233,-0.000116587194539665,12.7599165856531,-36.3950712172765
"AAL","American Airlines Group","Industrials","Passenger Airlines",9.94,11.65,4.76,26.35,"2",54.48,2023,9,7335383552,1.433,"10",13.9095932787115,-16.6405017554644,-0.000436469129833567,2.03639219648252,-50.7446776347334
"AAPL","Apple Inc.","Information Technology","Technology Hardware, Storage & Peripherals",0.46,7.39,9.37,17.22,"3",17.82,2023,9,3296096681984,1.24,"1",181.327033558531,83.0974658661303,0.00145047584036802,21.5429435134494,-46.759222918152
"ABBV","AbbVie","Health Care","Biotechnology",2.38,17.19,10.36,29.93,"3",68.62,2023,9,341698445312,0.619,"6",157.908420800022,20.8954253328592,0.000455049718174759,15.0091426889128,-32.9233143711375
"ABT","Abbott Laboratories","Health Care","Health Care Equipment",2.27,14.24,8.33,24.83,"3",48.27,2023,9,205534380032,0.722,"7",106.365933139929,3.3673980200336,7.94230857458873e-05,6.04929296512977,-25.4381587929561
"ACGL","Arch Capital Group","Financials","Property & Casualty Insurance",1.47,10.1,10.89,22.46,"2",37.87,2023,9,42855567360,0.596,"5",82.0579426414088,81.0598751129416,0.00142363931008121,11.8957126147868,-45.8307539965777
"ACN","Accenture","Information Technology","IT Consulting & Other Services",0.82,4.61,4.41,9.84,"2",2.63,2023,9,211116474368,1.239,"2",312.863756316701,26.5263079445521,0.000564220787765638,30.4311591202377,-36.3753855317923
"ADBE","Adobe Inc.","Information Technology","Application Software",1.94,5.99,5.15,13.08,"2",6.85,2023,9,231233028096,1.296,"1",493.143396623967,70.4885285087809,0.00127937128776632,87.0691813899037,-49.5021734807654
"ADI","Analog Devices","Information Technology","Semiconductors",9.27,6.68,6.98,22.92,"1",39.7,2023,9,111884697600,1.073,"9",192.743158185311,44.5614039701782,0.000883774993459572,19.0944495646309,-35.9388469527729
"ADM","Archer Daniels Midland","Consumer Staples","Agricultural Products & Services",16.64,10.15,5.01,31.79,"3",74.94,2023,9,28908466176,0.714,"4",70.843684310548,-31.9687667145649,-0.000923748856697404,9.7505244345279,-42.6882317974266
"ADP","Automatic Data Processing","Industrials","Human Resource & Employment Services",2.8,5.54,5.49,13.82,"1",8.36,2023,9,113942003712,0.802,"2",236.799067155026,16.094420352859,0.000357874442649039,14.7040163784574,-24.2542848322739
"ADSK","Autodesk","Information Technology","Application Software",3.68,8.19,4.89,16.76,"0",16.44,2023,9,57698152448,1.476,"2",221.122105393113,39.5625181823951,0.000799382431399662,21.3082453531711,-31.7271590202974
"AEE","Ameren","Utilities","Multi-Utilities",12.85,9.07,5.25,27.17,"2",57.57,2023,9,22804828160,0.458,"7",78.7009090076793,-6.75782107797683,-0.000167793772497646,6.17970341104184,-25.1652748233769
"AEP","American Electric Power","Utilities","Electric Utilities",12.66,8.1,5.38,26.14,"2",53.69,2023,9,55846035456,0.533,"2",85.7112917010294,5.70253597142407,0.000132994481442098,6.59841743773352,-29.9243528937096
"AES","AES Corporation","Utilities","Independent Power Producers & Energy Traders",13.26,8.18,5.26,26.69,"2",55.64,2023,9,13678178304,1.062,"4",19.4925597797741,-39.0608367526735,-0.00118775573929833,3.49819544230853,-55.7097134865219
"AFL","Aflac","Financials","Life & Health Insurance",0.3,9.14,8.9,18.33,"1",21.68,2023,9,61698056192,0.949,"6",78.6678949292197,54.1771413625088,0.00103820629247295,9.99119162295217,-44.5088788149911
"AIG","American International Group","Financials","Multi-line Insurance",1.65,9.67,12.86,24.18,"2",45.53,2023,9,47394791424,1.075,"2",65.0601674221349,22.4376333674048,0.000485447479581133,8.71973878269439,-41.4452454540262
"AIZ","Assurant","Financials","Multi-line Insurance",1.63,10.82,11.66,24.11,"2",45.18,2023,9,10138020864,0.563,"1",151.772823224227,54.2177242963798,0.00103883743906936,22.7447378441733,-46.5648103348509
"AJG","Arthur J. Gallagher & Co.","Financials","Insurance Brokers",0.09,10.92,10.15,21.16,"2",32.55,2023,9,65631498240,0.729,"7",230.230861499549,56.2373255936086,0.00107003832886671,26.5013094205663,-39.4708986209773
"AKAM","Akamai Technologies","Information Technology","Internet Services & Infrastructure",3,7.09,6.93,17.01,"1",17.19,2023,9,15044968448,0.676,"3",98.0761723495556,19.8540601092484,0.000434303719203784,13.1047055738477,-44.8644046432759
"ALB","Albemarle Corporation","Materials","Specialty Chemicals",15.39,4.85,6.33,26.57,"2",55.2,2023,9,10556814336,1.543,"7",162.913110395368,-57.9254079254079,-0.00207608187327358,54.3276669092946,-74.8922970854477
"ALL","Allstate","Financials","Property & Casualty Insurance",1.03,10.13,10.88,22.04,"2",36.23,2023,9,50315587584,0.477,"4",138.008564615934,38.2555227413565,0.000776818707704368,24.5245289263187,-46.4486085541607
"ALLE","Allegion","Industrials","Building Products",10.9,5.84,5.04,21.78,"0",35.28,2023,9,12491554816,1.123,"6",116.699999868585,28.9136492776444,0.000609047023478415,10.4059234156816,-30.7305876418917
"AMAT","Applied Materials","Information Technology","Semiconductor Materials & Equipment",4.49,2.97,5.28,12.74,"1",6.15,2023,9,155474345984,1.541,"1",160.820358513645,103.928447907674,0.00170887050546739,39.4708985011621,-62.0622022615109
"AME","Ametek","Industrials","Electrical Components & Equipment",8.65,8.51,6.73,23.9,"1",44.04,2023,9,39030026240,1.173,"8",157.929904335424,21.7264431049268,0.000471477389598709,13.0595553617957,-27.6729204237373
"AMGN","Amgen","Health Care","Biotechnology",0.73,13.48,7.75,21.96,"3",35.92,2023,9,178823086080,0.605,"2",270.847727798389,27.5864683200939,0.000584230531537127,32.4552370118845,-36.2234712938837
"AMP","Ameriprise Financial","Financials","Asset Management & Custody Banks",2.08,7.83,10.34,20.27,"2",28.96,2023,9,44403879936,1.346,"5",365.003205440832,44.6726315403773,0.000885619401535064,47.8253566625396,-37.3820774414775
"AMT","American Tower","Real Estate","Telecom Tower REITs",2.9,2.85,5.16,10.9,"1",3.52,2023,9,112249135104,0.83,"1",196.038803611646,4.37415543380147,0.000102666440043143,16.068798279891,-32.7991846718622
"AMZN","Amazon","Consumer Discretionary","Broadline Retail",6,15.39,9.22,30.61,"3",71.14,2023,9,1961417768960,1.146,"9",143.729402094937,107.993475454143,0.00175620269835087,31.8627613719336,-58.439998626709
"ANET","Arista Networks","Information Technology","Communications Equipment",0.4,8.88,7.39,16.67,"1",16.21,2023,9,113393524736,1.073,"10",222.270765861256,192.26697062251,0.00257193640655134,71.6483812043406,-70.4934390539131
"ANSS","Ansys","Information Technology","Application Software",3.51,7.32,5.07,15.89,"0",13.72,2023,9,27723399168,1.114,"2",313.491316142835,34.6882392934152,0.000714130895079954,24.0370631981117,-36.1634725585686
"AOS","A. O. Smith","Industrials","Building Products",7.15,11.87,6.42,25.44,"1",50.86,2023,9,11915595776,1.147,"10",75.1216505315315,42.0909772954288,0.000842439692184927,7.97326946031377,-37.1711254550949
"APA","APA Corporation","Energy","Oil & Gas Exploration & Production",21.98,8.88,7.96,38.81,"2",82.83,2021,3,9340100608,3.243,"9",35.4212201634092,-34.6859228135081,-0.00102149303551704,4.9699612528728,-40.9140591991305
"APD","Air Products","Materials","Industrial Gases",7.42,1.5,3.35,12.26,"1",5.41,2023,9,64722276352,0.828,"7",273.376148789693,-9.04198080648748,-0.0002272712552982,21.488330854015,-32.8008491715093
"APH","Amphenol","Information Technology","Electronic Components",7.32,4.64,7.6,19.57,"2",26.41,2023,9,77062520832,1.246,"8",48.8005741794714,76.5706691128662,0.00136343165905097,10.269401395959,-48.1820782378603
"APTV","Aptiv","Consumer Discretionary","Automotive Parts & Equipment",1.45,3.94,5.26,10.66,"1",3.23,2023,9,16498891776,1.793,"6",90.3021770459043,-23.0446464467048,-0.000628164883166715,14.5939711944238,-45.575685769868
"ARE","Alexandria Real Estate Equities","Real Estate","Office REITs",3.91,3.66,6.32,13.89,"0",8.53,2023,9,21814970368,1.173,"9",121.572966434168,-17.0286592266967,-0.00044766170193376,14.5951895341276,-46.3411780049058
"ATO","Atmos Energy","Utilities","Gas Utilities",14.83,13.42,6.36,34.61,"2",82.5,2023,9,21445437440,0.67,"8",115.948038311096,17.5719506125677,0.000388202172249178,4.73223549680128,-21.4012560664888
"AVB","AvalonBay Communities","Real Estate","Multi-Family Residential REITs",2.96,2.05,4.75,9.76,"1",2.56,2023,9,33116518400,0.986,"6",183.43313386908,39.7708951873307,0.000802960271475943,13.3839642265234,-31.7458865722992
"AVGO","Broadcom","Information Technology","Semiconductors",7.34,6,6.64,19.98,"3",27.91,2023,9,758829154304,1.183,"9",102.812358810571,194.175053445599,0.00258754154446401,34.1202171180424,-69.7365031042873
"AVY","Avery Dennison","Materials","Paper & Plastic Packaging Products & Materials",11.42,0.95,3.71,16.07,"1",14.23,2023,9,17797928960,0.895,"7",194.093157973586,21.0905507197516,0.000458917105007004,19.2965092733003,-30.6204241334312
"AWK","American Water Works","Utilities","Water Utilities",9.04,7.58,5,21.62,"1",34.43,2023,9,29209964544,0.691,"2",135.603660601748,-7.12525019561153,-0.000177262294604361,11.3687176339095,-29.4882908029165
"AXP","American Express","Financials","Consumer Finance",0.05,8.85,9.7,18.61,"2",22.7,2023,9,188676046848,1.212,"3",188.29332517779,75.8088651990903,0.00135306289147528,34.138573521715,-45.6165334243474
"AZO","AutoZone","Consumer Discretionary","Automotive Retail",0.11,7.07,3.83,11.02,"2",3.67,2023,9,52974329856,0.709,"6",2688.77239201742,30.8680124632166,0.000645129714283655,244.452696818627,-28.7921584262588
"BA","Boeing","Industrials","Aerospace & Defense",8.84,22.48,8.29,39.6,"4",91.3,2023,9,96371113984,1.575,"9",202.406674763803,-11.0804002068242,-0.000281624934421418,20.9034813152797,-38.2298360466807
"BAC","Bank of America","Financials","Diversified Banks",1.73,15.09,11.48,28.3,"3",62.26,2023,9,306891390976,1.34,"2",33.003492784272,21.6054969892805,0.000469093496465677,4.57401930140677,-42.9639712959813
"BALL","Ball Corporation","Materials","Metal, Glass & Plastic Containers",7.6,0.76,3.74,12.1,"2",5.17,2023,9,20405639168,0.878,"8",57.8150477340917,22.7823742052775,0.000492190136433715,6.04014608806467,-39.4513589427247
"BAX","Baxter International","Health Care","Health Care Equipment",2.83,13.6,7.14,23.57,"3",42.59,2023,9,20539770880,0.593,"4",39.7503110347182,-25.6661482246038,-0.000711279924852527,4.22940086979973,-39.6804274899118
"BBWI","Bath & Body Works, Inc.","Consumer Discretionary","Other Specialty Retail",12.17,10.25,5.88,28.3,"2",62.27,2023,9,6389305856,1.753,"8",39.3445454191363,-28.7798073467415,-0.00081389401222487,5.59670783041178,-45.8606053470835
"BBY","Best Buy","Consumer Discretionary","Computer & Electronics Retail",2.4,9.09,4.4,15.89,"2",13.69,2023,9,21360842752,1.479,"1",77.6885165985692,24.8600882394801,0.000532430768231674,6.39660660781747,-37.3705178162697
"BDX","Becton Dickinson","Health Care","Health Care Equipment",3.04,13.65,7.13,23.82,"3",43.69,2023,9,67647401984,0.447,"10",246.874713039854,-5.37512272908019,-0.000132493456201748,13.6837707646021,-21.9048612149115
"BEN","Franklin Templeton","Financials","Asset Management & Custody Banks",1.12,9.88,7.3,18.3,"2",21.58,2023,9,10643009536,1.408,"7",25.9751913627369,-25.3687347168597,-0.000701704222797373,2.62421632701667,-42.0165559216352
"BG","Bunge Global","Consumer Staples","Agricultural Products & Services",14.39,13.26,5.27,32.92,"3",78.24,2023,9,13837887488,0.637,"3",100.95679406344,6.07931105697011,0.000141527208315063,7.16778191424381,-25.4181777062099
"BIIB","Biogen","Health Care","Biotechnology",0.42,14.46,7.37,22.24,"3",37.02,2023,9,29071065088,-0.057,"3",252.037440359307,-24.8945490813272,-0.000686515701948459,31.11386323726,-40.0993505203801
"BIO","Bio-Rad Laboratories","Health Care","Life Sciences Tools & Services",1.21,9.18,7,17.4,"1",18.38,2023,9,9264203776,0.947,"10",359.872200559771,-20.1477136631454,-0.000539548390502682,64.6732943758574,-47.5208745088065
"BK","BNY Mellon","Financials","Asset Management & Custody Banks",1.13,9.86,9.94,20.93,"2",31.45,2023,9,52254806016,1.067,"1",50.6940191259795,47.3434175914561,0.000929486451487075,7.24291817275479,-41.8499011153544
"BKNG","Booking Holdings","Consumer Discretionary","Hotels, Resorts & Cruise Lines",0.98,10.13,8.13,19.23,"3",25.19,2023,9,135520034816,1.4,"1",3153.66899028577,92.3634887935173,0.00156886466918461,504.446828147513,-50.6636165263299
"BLK","BlackRock","Financials","Asset Management & Custody Banks",0.9,7.36,9.99,18.25,"2",21.43,2023,9,133984739328,1.317,"9",738.196077921744,26.6515961725905,0.000566594228779436,69.6873050464446,-33.6800413935326
"BMY","Bristol Myers Squibb","Health Care","Pharmaceuticals",1.31,14.37,7.07,22.74,"2",39.01,2023,9,100336025600,0.458,"4",56.5364832718407,-30.8746204175726,-0.000885487373894435,9.82665139786383,-46.7865282476981
"BR","Broadridge Financial Solutions","Industrials","Data Processing & Outsourced Services",4.19,7.5,4.94,16.63,"2",16.04,2023,9,24700252160,1.059,"3",179.431053015604,58.1896584961383,0.00109981893860736,23.9824992194292,-39.1352082292313
"BRO","Brown & Brown","Financials","Insurance Brokers",0.13,9.77,10.58,20.48,"1",29.78,2023,9,29438932992,0.829,"4",74.5883731933302,85.578101362261,0.00148274733585839,12.6560760499492,-49.1772075515405
"BSX","Boston Scientific","Health Care","Health Care Equipment",2.36,11.85,8.89,23.11,"2",40.67,2023,9,122978729984,0.797,"8",59.2018899233147,77.7657115828424,0.00137960736271851,10.6210557858143,-44.8710115565877
"BWA","BorgWarner","Consumer Discretionary","Automotive Parts & Equipment",2.67,4.21,5.71,12.59,"2",5.92,2023,9,7493600256,1.182,"1",37.442636211523,-3.88994491176326,-9.51468680432436e-05,4.36431895149913,-35.7614497181877
"BX","Blackstone Inc.","Financials","Asset Management & Custody Banks",2.52,9.57,11.29,23.39,"2",41.78,2023,9,188779577344,1.5,"10",108.784736779318,86.9959355659376,0.00150099927023688,17.8071384548165,-46.9920624970783
"BXP","BXP, Inc.","Real Estate","Office REITs",2.54,4.52,5.45,12.51,"1",5.77,2023,9,14431182848,1.199,"10",62.0002392490515,12.9090335027978,0.000291156583399298,6.92248193158318,-39.9515124103483
"C","Citigroup","Financials","Diversified Banks",1.8,13.75,13.69,29.24,"4",65.93,2023,9,113113464832,1.435,"1",51.5113397534384,36.8283116206114,0.000751934662059663,7.70120887199457,-43.4403175073896
"CAG","Conagra Brands","Consumer Staples","Packaged Foods & Meats",10.71,15.42,4.7,30.83,"2",71.86,2023,9,15617014784,0.309,"6",31.5622727517306,-19.6497571679563,-0.000524640459545853,3.62799523735553,-36.5234360811882
"CAH","Cardinal Health","Health Care","Health Care Distributors",1.17,7.33,6.36,14.86,"3",10.83,2023,9,27622834176,0.616,"1",94.0570575038782,46.9047260383279,0.000922335895636502,11.5959293749093,-40.3130941905547
"CAT","Caterpillar Inc.","Industrials","Construction Machinery & Heavy Transportation Equipment",10.43,17.69,8.06,36.17,"4",86.38,2023,9,171503566848,1.089,"6",283.620597547321,49.0706626024258,0.000957434659933581,48.0465942438087,-45.755337036208
"CB","Chubb Limited","Financials","Property & Casualty Insurance",1.46,11.54,10.61,23.6,"2",42.77,2023,9,117455929344,0.674,"8",226.36870863335,28.7221937655369,0.000605482876445084,26.8930804125596,-34.9285653688087
"CBOE","Cboe Global Markets","Financials","Financial Exchanges & Data",2.73,7.58,10.64,20.95,"1",31.57,2023,9,22355052544,0.673,"2",160.618253662255,62.5900347655916,0.00116561564135018,24.1681296740315,-44.3297523541477
"CBRE","CBRE Group","Real Estate","Real Estate Services",1.46,1.89,4.64,7.98,"1",1.56,2023,9,36618518528,1.4,"3",84.9048086832585,46.7873480443306,0.000920419044350265,10.1460039205316,-43.8092772604013
"CCI","Crown Castle","Real Estate","Telecom Tower REITs",4.08,1.67,4.35,10.1,"0",2.79,2023,9,52256673792,0.861,"4",111.19095702833,-19.0080264475385,-0.000505563856523987,14.7295996305581,-43.6934553756424
"CCL","Carnival","Consumer Discretionary","Hotels, Resorts & Cruise Lines",9.4,10.13,4.96,24.49,"3",46.81,2023,9,23359668224,2.693,"10",14.4150000314393,107.02635425795,0.00174502617369107,2.9203491555025,-58.7046626670981
"CDNS","Cadence Design Systems","Information Technology","Application Software",2.33,4.88,4.81,12.02,"0",5.06,2023,9,75243003904,1.02,"3",251.809162450179,68.4602816988106,0.00125067102901132,41.1153097826655,-51.9754967682212
"CDW","CDW","Information Technology","Technology Distributors",2.48,3.21,3.52,9.21,"0",2.18,2023,9,29830193152,1.033,"3",210.069688970392,25.6977362232919,0.000548465036174334,22.8318427931738,-36.7394392633082
"CE","Celanese","Materials","Specialty Chemicals",14.7,5.86,5.57,26.13,"2",53.65,2023,9,13741040640,1.294,"5",130.718612433621,27.7011933023955,0.000586385903076875,18.1297409894891,-42.0749431524431
"CF","CF Industries","Materials","Fertilizers & Agricultural Chemicals",16.19,7.73,5.42,29.33,"1",66.33,2023,9,14698166272,0.946,"2",77.6680383271578,1.39109143636508,3.31296058808344e-05,5.54298128620565,-33.4291047623223
"CFG","Citizens Financial Group","Financials","Regional Banks",1.96,10.15,11.43,23.54,"2",42.45,2023,9,18201001984,1.328,"9",32.6265071841518,8.90463082839053,0.000204562030511746,5.51154288525409,-48.5605008767969
"CHD","Church & Dwight","Consumer Staples","Household Products",6.89,6.31,6.66,19.86,"1",27.47,2023,9,25759404032,0.54,"4",95.8312680550169,24.2136081726241,0.000519982120183658,7.29632615666073,-27.6225999443015
"CHRW","C.H. Robinson","Industrials","Air Freight & Logistics",4.73,9.29,5.3,19.32,"1",25.57,2023,9,11764709376,0.825,"9",88.9920574352502,14.6544124233722,0.000327943186104411,9.35734410361414,-35.4780473274787
"CHTR","Charter Communications","Communication Services","Cable & Satellite",6.05,10.72,7.95,24.72,"2",47.74,2023,9,49012998144,1.051,"10",353.864234340248,1.74483933688994,4.14818177472312e-05,53.5461312273472,-44.1313948012105
"CI","Cigna","Health Care","Health Care Services",0.02,5.99,5.65,11.65,"2",2.83,2021,3,102552567808,0.509,"5",304.533828114779,12.5450992889199,0.000283414479358782,32.1370762780113,-33.3553042357391
"CINF","Cincinnati Financial","Financials","Property & Casualty Insurance",1.76,10.97,12.88,25.61,"1",51.6,2023,9,21433022464,0.671,"8",110.6776315972,31.7469435293515,0.000661181779726798,9.06268785768654,-30.2707407845398
"CL","Colgate-Palmolive","Consumer Staples","Household Products",8.32,11.31,6.54,26.17,"2",53.82,2023,9,86145523712,0.399,"1",81.9497606742895,34.5886562575355,0.000712357194815642,9.33935852119567,-35.3333307543831
"CLX","Clorox","Consumer Staples","Household Products",7.72,8.59,5.31,21.63,"2",34.52,2023,9,20554795008,0.393,"6",146.714999824049,11.2821620072441,0.000256352014321796,11.3093257457693,-34.297593045725
"CMCSA","Comcast","Communication Services","Cable & Satellite",3.96,10.9,8.23,23.09,"2",40.6,2023,9,152111792128,1.01,"10",41.0131578217283,11.2454316399166,0.000255560360441848,2.74664685418608,-25.1273353586095
"CME","CME Group","Financials","Financial Exchanges & Data",2.13,6.48,9.19,17.8,"1",19.85,2023,9,78691844096,0.561,"10",199.425239416971,27.6945897544206,0.000586261892834598,13.3087537990461,-23.6729196794186
"CMG","Chipotle Mexican Grill","Consumer Discretionary","Restaurants",6.79,9.59,4.27,20.66,"2",30.44,2023,9,80114573312,1.256,"3",45.2819115533783,104.502863533866,0.00171561580817104,10.4056567275902,-60.2008408424718
"CMI","Cummins","Industrials","Construction Machinery & Heavy Transportation Equipment",5.62,7.74,5.94,19.3,"2",25.47,2023,9,41332305920,0.975,"6",251.823707799592,29.7917419588287,0.000625326127063483,26.3212758574847,-34.6619786881275
"CMS","CMS Energy","Utilities","Multi-Utilities",9.61,6.84,5.24,21.7,"2",34.89,2023,9,21054464000,0.403,"1",59.5078230132327,6.48046618198722,0.000150578815844168,3.0928639783213,-25.478928323042
"CNC","Centene Corporation","Health Care","Managed Health Care",0.09,13.28,6.51,19.89,"2",27.59,2023,9,40278089728,0.484,"1",71.2124403264534,-1.14120398431602,-2.75243569869384e-05,4.88066995576009,-23.8030124768727
"CNP","CenterPoint Energy","Utilities","Multi-Utilities",12.92,10.67,5.14,28.73,"2",64.04,2023,9,18456739840,0.913,"4",28.7343062122473,-7.64546775951637,-0.000190732383138333,1.23697920498718,-18.141170239732
"COF","Capital One","Financials","Consumer Finance",0.13,12.28,10.09,22.5,"3",38,2023,9,55399669760,1.447,"3",118.535023721211,58.0402180774221,0.0010975524207234,18.6925780240118,-43.7569804575251
"COO","Cooper Companies (The)","Health Care","Health Care Supplies",2.7,8.8,5.96,17.47,"2",18.56,2023,9,22152052736,0.981,"7",91.0641806205494,27.1251721590297,0.000575544418776267,5.85981558707601,-27.4378144473293
"COP","ConocoPhillips","Energy","Oil & Gas Exploration & Production",17.57,8.07,8.28,33.91,"2",80.76,2023,9,125751771136,1.228,"5",113.271913957368,0.592289738929976,1.4161693012391e-05,8.07248702182025,-29.3064736599048
"COR","Cencora","Health Care","Health Care Distributors",1.57,5.53,5.65,12.75,"3",6.2,2023,9,47284768768,0.441,"3",199.310502631813,45.8214237716693,0.000904586480194147,29.0911355036127,-40.0694790452215
"COST","Costco","Consumer Staples","Consumer Staples Merchandise Retail",6.52,11.22,5.55,23.29,"3",41.46,2023,9,402490195968,0.788,"2",632.025814804734,96.8716923945533,0.00162441732113927,130.549934499955,-50.4686994885242
"CPB","Campbell Soup Company","Consumer Staples","Packaged Foods & Meats",10.87,8.15,4.47,23.5,"2",42.3,2023,9,15393454080,0.175,"4",46.3734449450479,-11.530248139266,-0.000293787720098366,4.69059206042859,-33.2397781199102
"CPRT","Copart","Industrials","Diversified Support Services",1.48,8.96,5.59,16.03,"1",14.11,2023,9,48807755776,1.271,"9",46.2507776096107,72.3397327477427,0.00130526986353843,7.03618203757301,-47.8646464996819
"CPT","Camden Property Trust","Real Estate","Multi-Family Residential REITs",4,3.93,8.17,16.09,"1",14.31,2023,9,13321857024,0.916,"7",104.717153229782,13.1188982680075,0.000295609776054985,9.01455223923802,-33.5523696243905
"CRM","Salesforce","Information Technology","Application Software",2.01,7.48,5.39,14.88,"1",10.87,2023,9,243961643008,1.297,"9",231.298947092449,87.6391127667316,0.00150923337909052,41.7008178002232,-57.4665498919249
"CSCO","Cisco","Information Technology","Communications Equipment",0.45,6.9,6.51,13.87,"2",8.46,2023,9,201970843648,0.819,"1",49.8260047766581,5.42345090383422,0.000126654483728424,2.67996759869111,-22.648683332576
"CSGP","CoStar Group","Real Estate","Real Estate Services",4.86,9.34,7.71,21.91,"1",35.72,2023,9,31924740096,0.816,"4",80.3376795390006,-0.450738528323721,-1.08335112053856e-05,6.85098049401554,-32.6204888854644
"CSX","CSX Corporation","Industrials","Rail Transportation",7.04,10.03,4.84,21.91,"2",35.73,2023,9,66052870144,1.189,"4",32.8393062153501,10.9779837730828,0.000249788132529384,2.25488937681387,-26.8368964506519
"CTAS","Cintas","Industrials","Diversified Support Services",3.03,9.17,5.88,18.08,"2",20.74,2023,9,82610397184,1.312,"8",140.72480255565,79.3180277130256,0.00140045739697399,26.2955727332076,-46.8911467941305
"CTRA","Coterra","Energy","Oil & Gas Exploration & Production",20.26,8.34,7.47,36.07,"2",86.16,2023,9,17010694144,0.199,"6",26.0613396749542,4.82551005347808,0.000113014323306174,1.51501169641326,-23.3254749625656
"CTSH","Cognizant","Information Technology","IT Consulting & Other Services",1.11,7.64,5.91,14.66,"2",10.38,2023,9,38596894720,1.05,"2",68.3968898462907,35.0407995086135,0.000720399916963607,5.524128505751,-28.5016287734654
"CVS","CVS Health","Health Care","Health Care Services",0.03,15.76,6.17,21.97,"3",35.97,2023,9,73428492288,0.528,"5",71.1170095416347,-38.3919928723343,-0.00116157874833889,8.61886624067463,-42.2774739487104
"CVX","Chevron Corporation","Energy","Integrated Oil & Gas",17.01,9.18,10.42,36.6,"3",87.22,2023,9,260253302784,1.08,"1",157.797129215806,-14.9663818166527,-0.000388785370865905,8.69050596274752,-24.5060922620898
"D","Dominion Energy","Utilities","Multi-Utilities",11.94,8.84,5.62,26.4,"2",54.6,2023,9,49103040512,0.602,"2",51.0632536126096,-11.2275679812116,-0.000285597204864476,5.13773112075667,-37.8849793236693
"DAL","Delta Air Lines","Industrials","Passenger Airlines",9.88,14.57,5.8,30.26,"2",69.9,2023,9,30128158720,1.349,"4",40.9864114551453,30.2974574768299,0.000634651762857131,5.48574795848418,-42.4521205699356
"DD","DuPont","Materials","Specialty Chemicals",14.66,7.99,5.94,28.6,"3",63.49,2023,9,34593636352,1.325,"8",73.6805262405907,22.3496939489351,0.000483724466327182,4.55436199960746,-27.3471820955814
"DE","Deere & Company","Industrials","Agricultural & Farm Machinery",2.67,10.79,6.49,19.95,"2",27.77,2023,9,108859965440,0.929,"7",390.487751791922,-9.08577094302832,-0.00022842604742161,21.8618111562692,-22.7387792188914
"DFS","Discover Financial","Financials","Consumer Finance",0.13,11.87,10.51,22.5,"2",38.02,2023,9,34542485504,1.41,"7",109.944927945662,43.0147538601835,0.000857979886803828,15.3329758265393,-44.3822573349627
"DG","Dollar General","Consumer Staples","Consumer Staples Merchandise Retail",3.5,8.56,5.53,17.59,"2",19.04,2023,9,18914889728,0.444,"9",157.92622023222,-66.3707843668165,-0.00261336926602857,39.7807749996752,-66.6197288237644
"DGX","Quest Diagnostics","Health Care","Health Care Services",0.13,13.07,8,21.21,"3",32.72,2023,9,17405513728,0.889,"3",136.615382746646,0.770364585817976,1.84031757728e-05,7.72480975982657,-23.1572900499709
"DHI","DR Horton","Consumer Discretionary","Homebuilding",8.71,6.66,5.66,21.03,"2",31.94,2023,9,63652651008,1.728,"6",128.806650882703,108.160557864557,0.00175812831835043,25.0769905653593,-52.9381066291759
"DHR","Danaher Corporation","Health Care","Life Sciences Tools & Services",1.35,5.16,5.35,11.86,"2",4.8,2023,9,199352418304,0.861,"8",232.0229667043,15.8278404334092,0.000352361555169012,20.1381785841873,-34.0718052196839
"DIS","Walt Disney Company (The)","Communication Services","Movies & Entertainment",0.04,8.96,6.71,15.7,"2",13.18,2023,9,168409972736,1.398,"3",96.3334926440955,1.58479938560093,3.77067760594711e-05,9.99436219414164,-35.4176845042226
"DLR","Digital Realty","Real Estate","Data Center REITs",2.8,2.81,7,12.61,"0",5.95,2023,9,53710041088,0.619,"9",126.502990229848,47.4375162021686,0.00093101746060329,18.874732122686,-46.7196470842253
"DLTR","Dollar Tree","Consumer Staples","Consumer Staples Merchandise Retail",3.29,12.78,4.02,20.08,"2",28.26,2023,9,15801912320,0.872,"3",129.841626473021,-39.7618699752254,-0.00121550274595608,17.876369992082,-47.4172257187908
"DOV","Dover Corporation","Industrials","Industrial Machinery & Supplies & Components",7.98,12.48,5.42,25.88,"1",52.67,2023,9,25890215936,1.218,"4",155.350478432395,37.7285768059189,0.000767661217434072,16.8976298136808,-32.936448647431
"DPZ","Domino's","Consumer Discretionary","Restaurants",10.65,12.2,6.34,29.19,"2",65.74,2023,9,14424346624,0.858,"9",397.545381974946,22.0886034332929,0.000478601565461963,66.5897317451175,-45.6843568422302
"DRI","Darden Restaurants","Consumer Discretionary","Restaurants",7.92,15,4.55,27.47,"2",58.8,2023,9,19135490048,1.303,"2",154.510693819329,12.9965606673659,0.000293014857767543,9.01288828191626,-23.8160211126328
"DTE","DTE Energy","Utilities","Multi-Utilities",15.03,10.04,4.73,29.8,"2",68.08,2023,9,26159034368,0.676,"6",109.857966427598,6.07500084476157,0.000141429767539839,5.95863686258471,-24.6520560889277
"DUK","Duke Energy","Utilities","Electric Utilities",11.52,10.68,4.81,27.01,"2",56.89,2023,9,90888200192,0.457,"2",96.5705979999743,9.88428187236677,0.000226037513437351,6.32152972304881,-25.0197413518015
"DVA","DaVita","Health Care","Health Care Services",0.07,14.08,8.42,22.56,"2",38.3,2023,9,13859445760,0.863,"2",108.242488222259,101.656875405987,0.00168200822659501,23.1435769777587,-52.7284507181041
"DVN","Devon Energy","Energy","Oil & Gas Exploration & Production",17.67,8.56,7.53,33.76,"2",80.43,2023,9,25336051712,2.069,"2",49.1676555432771,-22.9525127284019,-0.000625295530968163,5.08056847627753,-38.1234834171472
"DXCM","Dexcom","Health Care","Health Care Equipment",5.35,10.62,8.08,24.05,"1",44.85,2023,9,28086915072,1.183,"4",113.593636325672,-39.5624559321517,-0.0012075771789626,16.8369272458879,-54.4321812811538
"EA","Electronic Arts","Communication Services","Interactive Home Entertainment",0.13,8.42,4.73,13.29,"2",7.3,2023,9,38710616064,0.791,"2",130.315454546915,23.6319247160194,0.000508725698481802,9.40151570423722,-28.0793063010293
"EBAY","eBay","Consumer Discretionary","Broadline Retail",2.74,7.65,7.21,17.6,"2",19.11,2023,9,31726319616,1.312,"5",46.658588427676,40.2135144356647,0.000810542393152119,4.89081847031509,-36.011449617756
"ECL","Ecolab","Materials","Specialty Chemicals",8.54,6.05,5.27,19.86,"2",27.49,2023,9,72044814336,1.136,"4",194.373492665268,71.9855859852574,0.00130033689425047,30.2441425087803,-42.7956370879108
"ED","Consolidated Edison","Utilities","Multi-Utilities",6.86,10.86,6.08,23.81,"3",43.66,2023,9,36293570560,0.348,"5",92.5015311537747,6.05680377294903,0.000141018343500082,3.83047499555864,-19.9332933178061
"EFX","Equifax","Industrials","Research & Consulting Services",0.08,16.3,6.78,23.16,"3",40.91,2023,9,37629485056,1.583,"6",225.456913815731,54.8736869869943,0.00104901600968015,29.9644946120369,-47.0322045747849
"EG","Everest Group","Financials","Reinsurance",1.39,6.67,9.91,17.96,"1",20.35,2023,9,16770212864,0.615,"4",371.459569319584,17.6555235735426,0.000389906180538571,16.9479975492671,-19.7110402910208
"EIX","Edison International","Utilities","Electric Utilities",10.98,11.42,5.11,27.51,"3",59.05,2023,9,33307713536,0.921,"1",70.0817941090707,35.392035519651,0.000726629138839999,4.57573358733113,-30.2654263151085
"EL","Est√©e Lauder Companies (The)","Consumer Staples","Personal Care Products",6.95,11.05,7.48,25.48,"2",51.03,2023,9,30537748480,0.997,"10",164.982057379764,-63.9005937772795,-0.00244339033311418,51.2837759183308,-69.3019940542887
"ELV","Elevance Health","Health Care","Managed Health Care",0.07,6.03,5.29,11.38,"2",4.15,2023,9,128348798976,0.832,"1",485.305955804706,10.8900838534549,0.00024788798360348,32.5212354405485,-25.6352252707833
"EMN","Eastman Chemical Company","Materials","Specialty Chemicals",12.84,5.85,6.59,25.27,"2",50.1,2023,9,12378979328,1.45,"7",87.4191625312185,24.6438648119177,0.000528274348804355,8.11063033593689,-33.5547221245099
"EMR","Emerson Electric","Industrials","Electrical Components & Equipment",8.77,13.05,6.55,28.36,"1",62.49,2023,9,59430801408,1.293,"8",96.7829425209447,9.65560162351863,0.000221041664193623,10.6281026898176,-34.6513009924117
"EOG","EOG Resources","Energy","Oil & Gas Exploration & Production",20.16,6.67,7.33,34.16,"1",81.36,2023,9,70045835264,1.288,"2",122.600860924242,3.51145880525334,8.27629105115716e-05,7.72561656056576,-26.4371108358863
"EQIX","Equinix","Real Estate","Data Center REITs",3.44,5.31,5.13,13.88,"1",8.5,2023,9,83225911296,0.7,"5",766.68935324929,25.9392270385066,0.000553067816585146,50.8263148054479,-27.6952023143204
"EQR","Equity Residential","Real Estate","Multi-Family Residential REITs",2.98,2.87,6.05,11.91,"1",4.87,2023,9,30392528896,0.91,"8",62.9429424596175,27.2603620993101,0.000578093278568466,4.18829117977576,-28.9663453823363
"EQT","EQT Corporation","Energy","Oil & Gas Exploration & Production",17.66,10.08,7.95,35.69,"1",85.01,2023,9,19929661440,1.062,"4",37.0690909116462,5.3111208136934,0.000124097933673227,3.8381295761852,-35.5322022881359
"ES","Eversource","Utilities","Electric Utilities",4.67,8.56,5.39,18.62,"2",22.76,2023,9,24445104128,0.618,"8",65.4903109701056,-19.817148182733,-0.00052964151491057,8.69483303605005,-38.8649334844098
"ESS","Essex Property Trust","Real Estate","Multi-Family Residential REITs",3.46,2.84,6.13,12.44,"1",5.7,2023,9,20950151168,0.895,"8",236.975646206066,42.8186134265792,0.000854688732728005,23.1073103857749,-34.9978486316438
"ETN","Eaton Corporation","Industrials","Electrical Components & Equipment",5.46,6.76,5.72,17.94,"1",20.26,2023,9,124099715072,1.007,"3",237.036794270055,94.5673487643621,0.00159618269370457,58.1758807893062,-55.4519070419338
"ETR","Entergy","Utilities","Electric Utilities",14.04,7.3,5.32,26.67,"2",55.54,2023,9,27601307648,0.723,"3",103.559617202248,10.5928759084856,0.000241452009356182,6.25810638694342,-26.4442948426947
"EW","Edwards Lifesciences","Health Care","Health Care Equipment",2.86,8.08,7.63,18.57,"1",22.56,2023,9,40499355648,1.132,"3",80.6641386661803,-5.80314764158013,-0.000143365514192305,8.80936491768381,-37.526159179385
"EXC","Exelon","Utilities","Electric Utilities",7.38,9.05,6.44,22.86,"3",39.46,2023,9,40450048000,0.601,"1",38.9004067142614,-11.7469872862574,-0.00029966990973151,2.59434877983236,-23.850514677382
"EXPD","Expeditors International","Industrials","Air Freight & Logistics",4.15,7.56,4.84,16.56,"2",15.79,2023,9,17457532928,0.958,"8",117.456698549992,17.5557246293025,0.000387871192657993,6.16245605472657,-19.6107083409981
"EXPE","Expedia Group","Consumer Discretionary","Hotels, Resorts & Cruise Lines",4.27,13.31,10.08,27.65,"2",59.72,2023,9,17677033472,1.793,"10",118.131961877266,58.6336631544013,0.00110654041393215,17.9901712355723,-45.017871929512
"EXR","Extra Space Storage","Real Estate","Self-Storage REITs",4.23,3.72,7.26,15.2,"1",11.76,2023,9,39176241152,0.871,"8",145.590933110725,22.6696293824076,0.0004899870882375,14.9379241654411,-42.1808377064982
"F","Ford Motor Company","Consumer Discretionary","Automobile Manufacturers",7.43,6.41,8.51,22.35,"3",37.41,2023,9,43330224128,1.635,"10",12.239354072005,-4.19521157525437,-0.000102775824229181,1.0965860430521,-36.8078204025661
"FAST","Fastenal","Industrials","Trading Companies & Distributors",9.28,8.29,7.1,24.67,"2",47.51,2023,9,40423079936,0.996,"3",60.8839952112955,44.0506256988581,0.000875286856488651,7.40444286974909,-40.9589386404812
"FCX","Freeport-McMoRan","Materials","Copper",15.26,9.96,6.4,31.61,"4",74.44,2023,9,61971775488,1.891,"3",41.729162663364,16.7721543181932,0.000371833216242451,5.04055208223232,-39.4640927543004
"FDS","FactSet","Financials","Financial Exchanges & Data",4.32,8.75,5.3,18.37,"1",21.85,2023,9,17269403648,0.748,"6",429.301316767788,4.15804641790184,9.76960112896376e-05,23.6161519694787,-21.1764723543202
"FDX","FedEx","Industrials","Air Freight & Logistics",5.66,8.42,5.61,19.68,"2",26.83,2023,9,72837300224,1.185,"7",248.480645649741,68.539505732999,0.0012517985412774,27.3937797468427,-43.4581492458745
"FE","FirstEnergy","Utilities","Electric Utilities",10.77,8.99,5.79,25.56,"3",51.31,2023,9,25536411648,0.489,"7",38.5144257796438,4.49678668698752,0.000105482339417712,2.06634797327371,-25.7741351702248
"FFIV","F5, Inc.","Information Technology","Communications Equipment",4.14,7.61,5.4,17.15,"1",17.69,2023,9,12510163968,1.057,"3",163.520239396529,40.2485228418321,0.000811141069633564,18.0204937653889,-36.0194491864864
"FI","Fiserv","Financials","Transaction & Payment Processing Services",4.12,8.74,6.77,19.64,"2",26.71,2023,9,100953350144,0.933,"1",131.770741604162,72.512605160474,0.00130767415157709,18.1398080532077,-43.0698751138947
"FIS","Fidelity National Information Services","Financials","Transaction & Payment Processing Services",4.09,8.17,5.21,17.48,"1",18.61,2023,9,46394933248,1.086,"6",63.5104545611514,20.2947123532407,0.000443104273832486,9.08710843266653,-42.8016960667485
"FITB","Fifth Third Bank","Financials","Diversified Banks",1.19,8.15,7.5,16.84,"2",16.65,2023,9,28733145088,1.239,"6",31.7912678741382,30.7904394147992,0.00064370781104207,5.4568006089372,-46.3808851581285
"FMC","FMC Corporation","Materials","Fertilizers & Agricultural Chemicals",14.35,8.92,7.46,30.73,"1",71.55,2023,9,7908886016,0.855,"7",81.0099760356702,-48.3029116413251,-0.00158217919442123,27.4889504635755,-62.4352163394312
"FRT","Federal Realty","Real Estate","Retail REITs",2.27,4.34,5.82,12.42,"1",4.3,2021,9,9881507840,1.256,"4",100.06047855724,12.0202570599023,0.000272205121244322,6.55779269474686,-26.2328967350736
"FTNT","Fortinet","Information Technology","Systems Software",2.5,10.03,6.37,18.9,"1",23.77,2023,9,58393071616,0.998,"6",62.7234209599107,58.0997493008026,0.00109845556960648,7.16817665220859,-40.894367856946
"FTV","Fortive","Industrials","Industrial Machinery & Supplies & Components",16.09,13.97,4.7,34.76,"1",82.8,2023,9,26181060608,1.161,"6",72.8551914543626,15.7616390414194,0.000350990540040078,6.09434235739918,-26.920847486115
"GD","General Dynamics","Industrials","Aerospace & Defense",9.37,18.9,6.93,35.19,"3",83.88,2023,9,84507975680,0.607,"2",250.124234432239,20.4183338703985,0.000445567409988254,30.1365939347862,-31.9921442879742
"GE","GE Aerospace","Industrials","Aerospace & Defense",14.24,15.41,10.9,40.55,"3",92.22,2023,9,195533619200,1.179,"4",108.159642534393,229.820342972755,0.00286181751796301,35.519335603406,-69.6804632792888
"GEN","Gen Digital","Information Technology","Systems Software",3.35,8.2,5.39,16.94,"2",16.94,2023,9,16286790656,1.06,"1",20.8434449656728,22.3866700155543,0.000484449096062022,2.80531815723917,-41.5721822635313
"GILD","Gilead Sciences","Health Care","Biotechnology",1,14.34,7.62,22.97,"2",39.94,2023,9,103396417536,0.196,"2",76.4697847229442,-7.48331120192405,-0.000186525511522018,5.67515752754851,-28.3038144719771
"GIS","General Mills","Consumer Staples","Packaged Foods & Meats",8.32,8.72,4.09,21.13,"2",32.41,2023,9,41540526080,0.091,"6",71.8102391530452,-13.1338622264483,-0.000337654432964819,8.0405631427358,-32.0935897088301
"GL","Globe Life","Financials","Life & Health Insurance",1.58,8.28,10.49,20.35,"2",29.24,2023,9,9538871296,0.808,"4",107.879664982335,-12.1582019662007,-0.000310869877738552,14.9377506062758,-61.7056070823601
"GLW","Corning Inc.","Information Technology","Electronic Components",5.53,4.81,6.13,16.48,"2",15.51,2023,9,37051850752,1.036,"7",33.5666746614082,28.6109320733031,0.000603409185967579,3.84343870838647,-42.4458880660501
"GM","General Motors","Consumer Discretionary","Automobile Manufacturers",9.83,11.48,7.19,28.5,"4",63.16,2023,9,53408677888,1.439,"9",38.0583492488952,47.1910089547256,0.000927004647411467,5.59442960005471,-46.5931887703266
"GOOGL","Alphabet Inc. (Class A)","Communication Services","Interactive Media & Services",1.56,11.16,11.51,24.22,"4",45.66,2023,9,1966598389760,1.039,"10",135.44631592965,83.3258526117792,0.00145346522494499,25.8308891269968,-54.9116015008813
"GPC","Genuine Parts Company","Consumer Discretionary","Distributors",4.67,5.18,3.8,13.66,"2",8.02,2023,9,19135287296,0.913,"6",151.763468874699,-15.6351236284522,-0.000407719490979957,12.56185873152,-29.4326617201672
"GPN","Global Payments","Financials","Transaction & Payment Processing Services",3.65,10.68,6.54,20.87,"1",31.22,2023,9,28514754560,0.991,"7",113.346818294251,10.7884286599052,0.000245688605261494,11.9502015005825,-33.6523226945235
"GRMN","Garmin","Consumer Discretionary","Consumer Electronics",4.78,11.63,4.25,20.66,"1",30.47,2023,9,33179969536,1.009,"9",123.942320353677,95.8854268290346,0.00161237348999437,26.4824080651387,-48.9497500560477
"GS","Goldman Sachs","Financials","Investment Banking & Brokerage",0.88,12.76,11.82,25.45,"2",50.92,2023,9,153286164480,1.353,"6",375.360238910292,47.3773895791577,0.000930039297399445,57.3376199674234,-43.1827528344715
"GWW","W. W. Grainger","Industrials","Industrial Machinery & Supplies & Components",4.54,5.55,5.91,16,"2",14.01,2023,9,49508282368,1.159,"5",799.752272610459,77.1661892479621,0.00137150606325846,129.349198951209,-47.789810713067
"HAL","Halliburton","Energy","Oil & Gas Equipment & Services",9.79,8.9,6.94,25.63,"2",51.73,2023,9,25866889216,1.906,"4",36.1134210613926,-17.4455648471695,-0.000459741703114336,3.49570306067403,-35.5524728559941
"HAS","Hasbro","Consumer Discretionary","Leisure Products",0.04,2.88,4.16,7.08,"2",1.27,2023,9,9817040896,0.596,"3",57.7022248135799,10.0242176314628,0.000229089486471535,6.71642306695273,-41.195828106347
"HBAN","Huntington Bancshares","Financials","Regional Banks",1.97,11.19,8.68,21.84,"2",35.46,2023,9,21263603712,1.068,"9",12.3820573975595,6.17021178738718,0.00014358127537271,1.63401819325976,-40.3982022166895
"HCA","HCA Healthcare","Health Care","Health Care Facilities",3.9,17.72,7.22,28.84,"3",64.44,2023,9,104114790400,1.678,"5",287.992105219353,62.65366778403,0.00116655399721854,36.961250733611,-43.929320859485
"HD","Home Depot (The)","Consumer Discretionary","Home Improvement Retail",3.32,5.56,3.76,12.64,"2",5.97,2023,9,380669591552,1.003,"2",326.750550046492,16.6471449869437,0.000369264597465023,28.2824062978213,-30.0455508816506
"HES","Hess Corporation","Energy","Integrated Oil & Gas",18.93,7.2,6.98,33.11,"2",78.79,2023,9,40304525312,1.164,"9",145.057918712853,2.6315738728069,6.22912157285687e-05,9.12969917554453,-29.6724459513356
"HIG","Hartford (The)","Financials","Property & Casualty Insurance",1.81,7.24,7.58,16.63,"1",16.04,2023,9,34303150080,0.924,"4",83.4513157201155,54.0809566359787,0.00103670976196425,13.8160956456363,-43.7537658434737
"HLT","Hilton Worldwide","Consumer Discretionary","Hotels, Resorts & Cruise Lines",6.11,7,4.45,17.56,"2",18.92,2023,9,54307586048,1.31,"6",171.593445298774,75.6698404655328,0.00135116580548723,29.2224322107818,-45.2079418722993
"HOLX","Hologic","Health Care","Health Care Equipment",4.57,12.08,8.35,25,"1",48.93,2023,9,19208910848,0.984,"7",76.4519378443084,7.53142896382627,0.000174131849650478,4.57253959708566,-25.7328596210522
"HON","Honeywell","Industrials","Industrial Conglomerates",10.99,10.59,7.04,28.62,"3",63.65,2023,9,132688805888,1.027,"6",198.230406802237,-2.98180088597811,-7.25937778199147e-05,8.42350991485923,-20.0490476405281
"HPE","Hewlett Packard Enterprise","Information Technology","Technology Hardware, Storage & Peripherals",0.95,4.14,5.6,10.69,"2",3.28,2023,9,23635793920,1.203,"2",16.8417703820188,20.6102209424749,0.000449385720577075,1.69998964801975,-36.904763568244
"HPQ","HP Inc.","Information Technology","Technology Hardware, Storage & Peripherals",0.11,5.05,6.09,11.26,"2",3.95,2023,9,33170137088,1.083,"1",30.368086116736,35.2523375894422,0.00072415351333349,2.81302348116303,-33.3420247967252
"HRL","Hormel Foods","Consumer Staples","Packaged Foods & Meats",13.31,10.68,6,30,"3",68.87,2023,9,17838264320,0.248,"8",36.2691148182992,-28.8524606840207,-0.000816341598335616,4.71394388362546,-38.7763815673112
"HSIC","Henry Schein","Health Care","Health Care Distributors",2,5.67,6.28,13.95,"2",8.64,2023,9,9026677760,0.861,"5",74.7669378399279,-11.3693412008111,-0.00028943010102042,5.40555903433142,-30.523127393928
"HST","Host Hotels & Resorts","Real Estate","Hotel & Resort REITs",3.25,4.58,5.52,13.35,"1",7.41,2023,9,24961603584,1.341,"9",17.6748086162731,11.1111137718471,0.000252663164519063,1.50793230389454,-29.7399530747137
"HSY","Hershey Company (The)","Consumer Staples","Packaged Foods & Meats",10.52,10.4,5.14,26.05,"3",53.34,2023,9,40621432832,0.361,"10",213.695310820803,-14.9253056935397,-0.000387627239404483,27.6210839499627,-35.038899834431
"HUBB","Hubbell Incorporated","Industrials","Industrial Machinery & Supplies & Components",5.6,9.09,4.91,19.6,"0",26.55,2023,9,22078416896,0.898,"3",321.310047459945,70.5488524283364,0.00128021965036342,55.4743018805603,-47.8605084916025
"HUM","Humana","Health Care","Managed Health Care",0.01,16.71,5.74,22.47,"2",37.9,2023,9,37954166784,0.509,"1",438.082009128406,-29.1754064742218,-0.000827251509407132,69.6688950840474,-43.6357220775503
"IBM","IBM","Information Technology","IT Consulting & Other Services",1.78,6.22,6.14,14.14,"2",9.09,2023,9,197245435904,0.693,"4",155.845646269584,42.7975983927769,0.00085433584124272,23.0927120298383,-40.1870090509461
"ICE","Intercontinental Exchange","Financials","Financial Exchanges & Data",1.7,9.25,8.82,19.78,"1",27.21,2023,9,93476061184,1.091,"4",121.416602778093,56.4952027495086,0.00107399321382379,15.6159123015493,-40.9532667361899
"IDXX","Idexx Laboratories","Health Care","Health Care Equipment",2.62,7.1,8.94,18.66,"1",22.9,2023,9,42162847744,1.332,"6",493.98657861737,18.5512610514505,0.000408094157704627,37.2796489369706,-32.156291984352
"IEX","IDEX Corporation","Industrials","Industrial Machinery & Supplies & Components",10.28,13.72,5.34,29.34,"0",66.38,2023,9,15495729152,0.949,"6",214.904760223827,-10.0265846942561,-0.000253371570226495,13.3048169359592,-23.9435458926693
"IFF","International Flavors & Fragrances","Materials","Specialty Chemicals",10.49,5.57,6.63,22.69,"3",38.82,2023,9,26644783104,1.233,"4",85.2608371716367,-1.56190982148054,-3.77514664791106e-05,12.3978437691203,-46.1696646635855
"INCY","Incyte","Health Care","Biotechnology",1.06,16.3,7.41,24.76,"1",47.91,2023,9,12794285056,0.735,"7",63.5189713929829,-17.4607150933874,-0.000460181835250096,7.9502254685238,-40.4952923683082
"INTC","Intel","Information Technology","Semiconductors",4.93,7.32,6.62,18.87,"3",23.69,2023,9,91805720576,1.02,"5",34.4891865789605,-17.5458238197807,-0.000462655844607428,6.77588597269543,-62.5886516961087
"INTU","Intuit","Information Technology","Application Software",0.97,10.7,4.73,16.41,"2",15.32,2023,9,181138964480,1.243,"2",539.222367793179,61.1176495644548,0.00114380013134372,91.2782797125528,-43.9782844504678
"IP","International Paper","Materials","Paper & Plastic Packaging Products & Materials",15.15,4.5,4.81,24.47,"3",46.67,2023,9,17309921280,1.01,"5",36.9799760152278,36.7410290245568,0.000750404440957293,4.48685003585154,-40.4572380549327
"IPG","Interpublic Group of Companies (The)","Communication Services","Advertising",0.04,5,5.28,10.32,"1",2.98,2023,9,11729707008,1.084,"10",33.0671770880667,-3.4921582515659,-8.52420127167747e-05,3.1842724888704,-32.5831733222774
"IQV","IQVIA","Health Care","Life Sciences Tools & Services",1.3,10.62,7.22,19.14,"2",24.78,2023,9,43748352000,1.498,"8",218.101148103413,23.3935064743567,0.000504096648285132,17.848133673797,-31.6248554655262
"IRM","Iron Mountain","Real Estate","Other Specialized REITs",5,3.74,5.76,14.5,"2",10.01,2023,9,34669355008,1.026,"5",68.1761721287047,128.024977474316,0.0019767026074151,15.7862942392341,-57.3754769036084
"ISRG","Intuitive Surgical","Health Care","Health Care Equipment",3.65,9.58,7.84,21.07,"1",32.14,2023,9,174617722880,1.395,"3",336.663396880958,85.4572133521381,0.00148118468506149,66.726366706539,-54.377525166486
"IT","Gartner","Information Technology","IT Consulting & Other Services",0.11,13.17,5.64,18.93,"1",23.89,2023,9,39306534912,1.323,"1",393.858134511555,45.7702467304079,0.000903744709105817,61.2129512202926,-41.2558087764022
"ITW","Illinois Tool Works","Industrials","Industrial Machinery & Supplies & Components",7,11.78,6.52,25.29,"2",50.21,2023,9,75748122624,1.112,"3",242.934808758457,14.9146624270062,0.000333380338263523,11.5698107694696,-19.0877791616849
"IVZ","Invesco","Financials","Asset Management & Custody Banks",0.73,11.02,11.04,22.79,"2",39.19,2023,9,7470531584,1.423,"3",16.0235167211323,-6.20197147833238,-0.000153540403092231,1.46790662426856,-38.0504649929312
"J","Jacobs Solutions","Industrials","Construction & Engineering",5.29,11.46,5.62,22.37,"3",33.64,2022,8,18008506368,0.721,"7",131.770024185546,24.3960786082384,0.000523502329444442,11.4092082167305,-28.7061721719105
"JBHT","J.B. Hunt","Industrials","Cargo Ground Transportation",3.28,6.55,5,14.82,"1",10.74,2023,9,17132796928,1.153,"8",181.892583710155,0.347619248846795,8.32173740278203e-06,14.712644137916,-29.3125538169082
"JCI","Johnson Controls","Industrials","Building Products",4.49,4.55,5.39,14.43,"3",9.85,2023,9,48678182912,1.3,"6",61.7350238270737,12.5270325578589,0.000283029487277456,6.14091129305698,-34.9120467104767
"JKHY","Jack Henry & Associates","Financials","Transaction & Payment Processing Services",4.32,8.66,5.68,18.66,"0",22.88,2023,9,12909138944,0.638,"7",162.67389960038,-1.74333175344363,-4.21752214576475e-05,9.5335216716397,-24.3163231327656
"JNJ","Johnson & Johnson","Health Care","Pharmaceuticals",0.92,15.02,8.03,23.98,"4",44.52,2023,9,402177589248,0.519,"4",158.029354077207,-6.91958115613648,-0.000171957668435219,7.25092143693813,-19.900135987344
"JNPR","Juniper Networks","Information Technology","Communications Equipment",1.82,7.2,5.8,14.82,"1",10.73,2023,9,12847232000,0.921,"5",32.41562197197,19.5204504368432,0.000427619434303443,3.87010238624046,-36.000002347506
"JPM","JPMorgan Chase","Financials","Diversified Banks",1.11,16.45,11.7,29.26,"3",66.02,2023,9,595349733376,1.105,"5",164.107224879653,66.3706417816195,0.00122073835787119,26.989553216774,-44.435052506049
"K","Kellanova","Consumer Staples","Packaged Foods & Meats",10.64,13.35,4.38,28.37,"2",62.52,2023,9,27749677056,0.394,"8",59.6475588693573,20.4569232854689,0.000446335779189823,6.0670160869123,-39.8192865689889
"KEY","KeyCorp","Financials","Regional Banks",1.59,9.16,10.66,21.42,"1",33.6,2023,9,15378881536,1.238,"4",13.4492105388185,-3.12323183047408,-7.60921976225959e-05,2.67500231291216,-55.4613434165648
"KEYS","Keysight","Information Technology","Electronic Equipment & Instruments",1.2,1.75,4.65,7.6,"1",1.47,2023,9,26116489216,0.974,"4",150.022368526915,-9.83971398384893,-0.000248396028642795,15.1144054412602,-36.7089273591448
"KHC","Kraft Heinz","Consumer Staples","Packaged Foods & Meats",13.49,14.05,6.17,33.7,"3",80.3,2023,9,42366164992,0.478,"4",36.1611004423297,-13.1191727176735,-0.000337248939380277,2.55652473813102,-27.6590764133391
"KIM","Kimco Realty","Real Estate","Retail REITs",2.35,2.58,5.97,10.9,"0",3.52,2023,9,16219149312,1.492,"5",19.6050239544736,9.51036007312222,0.000217863240606493,1.4357840946583,-29.9700744412341
"KLAC","KLA Corporation","Information Technology","Semiconductor Materials & Equipment",7.41,5.13,4.64,17.19,"0",17.74,2023,9,99420717056,1.276,"4",560.517919147984,117.615195655328,0.00186464786458115,148.667321143304,-59.9529338119932
"KMB","Kimberly-Clark","Consumer Staples","Household Products",10.43,10.4,7.64,28.48,"2",63.05,2023,9,48567140352,0.403,"4",130.487440227892,5.50652980683292,0.000128543546561891,7.78516878571034,-20.1666916844919
"KMI","Kinder Morgan","Energy","Oil & Gas Storage & Transportation",8.28,7.19,3.49,18.96,"2",24.03,2023,9,47851556864,0.921,"9",17.9417942494297,19.7667930077723,0.000432557012845191,1.33022378094644,-26.6361537446927
"KMX","CarMax","Consumer Discretionary","Automotive Retail",0.09,8.02,3.99,12.1,"2",5.17,2023,9,12391112704,1.688,"9",73.5266507253693,39.4294259610282,0.000797094436857931,7.22090867563543,-35.4149949175323
"KO","Coca-Cola Company (The)","Consumer Staples","Soft Drinks & Non-alcoholic Beverages",7.23,9.54,4.86,21.63,"3",34.51,2023,9,309448671232,0.609,"2",60.962177103216,15.1231141261056,0.00033772644449717,3.16638393159058,-27.7218156674304
"KR","Kroger","Consumer Staples","Food Retail",6.55,9.12,5.6,21.27,"3",32.98,2023,9,40625352704,0.46,"8",48.5391387391889,19.6536937797533,0.00043029136553887,3.94266100054064,-26.5997944470622
"L","Loews Corporation","Financials","Multi-line Insurance",0.59,4.25,11.53,16.38,"2",15.19,2023,9,17404710912,0.818,"7",67.2131100887317,39.8532210752811,0.000804372339934635,7.7457336832919,-34.5984884600057
"LDOS","Leidos","Industrials","Diversified Support Services",3.37,9.03,5.25,17.65,"2",19.29,2023,9,20855037952,0.704,"3",110.68193776984,51.3799979875477,0.000994299838366634,22.6345808713915,-51.4730926537077
"LEN","Lennar","Consumer Discretionary","Homebuilding",11.26,8.55,5.55,25.36,"2",50.5,2023,9,50908487680,1.609,"10",132.595765364798,97.9343236726136,0.00163732635745593,24.9944960752814,-50.2864548519394
"LH","LabCorp","Health Care","Health Care Services",0.43,12.71,6.6,19.74,"2",27.05,2023,9,19060506624,1.041,"4",208.503111989875,12.5376225407628,0.000283255161472841,11.4559593814563,-22.8515043097027
"LKQ","LKQ Corporation","Consumer Discretionary","Distributors",3.8,4,3.27,11.07,"2",3.74,2023,9,10751375360,1.283,"3",50.0733970204038,-22.781285404229,-0.00061997204146753,5.64062373358192,-34.8076557957381
"LLY","Lilly (Eli)","Health Care","Pharmaceuticals",2.54,12.6,9.14,24.28,"2",45.9,2023,9,815948038144,0.422,"5",596.110765740062,163.026396673175,0.00231914678352949,187.426741172282,-67.6433825792004
"LMT","Lockheed Martin","Industrials","Aerospace & Defense",7.96,15.11,7.11,30.18,"3",69.64,2023,9,136559820800,0.469,"6",460.4558133212,18.9663428555616,0.000416475860844267,29.7461121588089,-30.0563240310494
"LNT","Alliant Energy","Utilities","Electric Utilities",8.54,6.55,6.28,21.36,"0",33.39,2023,9,15520779264,0.57,"2",51.7352631582598,5.23749608419975,0.000122420809272224,2.53866076777461,-20.6452697525147
"LOW","Lowe's","Consumer Discretionary","Home Improvement Retail",3.31,5.31,3.17,11.78,"2",4.69,2023,9,145635721216,1.09,"4",218.217703568308,24.849280738653,0.000532223188770066,15.9643589667527,-29.6475114493534
"LRCX","Lam Research","Information Technology","Semiconductor Materials & Equipment",4.5,3.97,5.14,13.61,"1",7.91,2023,9,99490209792,1.483,"1",727.134498267653,98.1680024031028,0.00164015583194661,180.173297347426,-63.2484724698051
"LULU","Lululemon Athletica","Consumer Discretionary","Apparel, Accessories & Luxury Goods",1.58,9.86,5.5,16.94,"2",16.93,2023,9,32572626944,1.253,"8",369.874377748042,-19.7631278054032,-0.000528026435778992,65.2719229191828,-54.3507617994108
"LUV","Southwest Airlines","Industrials","Passenger Airlines",11.04,13.69,5.95,30.67,"2",71.33,2023,9,17099948032,1.162,"6",30.0956698969791,-11.2883391720047,-0.000287239428388232,3.59684126419376,-43.261869910451
"LVS","Las Vegas Sands","Consumer Discretionary","Casinos & Gaming",2.3,7.72,8.67,18.69,"2",22.99,2023,9,30488285184,1.113,"10",51.1467702765214,-20.9608752661318,-0.000564094019954372,6.23620958610478,-41.6281217174254
"LYB","LyondellBasell","Materials","Specialty Chemicals",13.5,2.1,5.09,20.69,"2",30.53,2023,9,30880202752,1.082,"1",95.2318659148148,17.5139891160993,0.000387019656634793,4.02779892083802,-20.6593638961716
"MA","Mastercard","Financials","Transaction & Payment Processing Services",2.15,6.66,8.27,17.07,"4",17.41,2023,9,462832107520,1.103,"1",413.709689637691,39.3713994668399,0.000796096216956421,39.0069013082417,-29.4552265223127
"MAA","Mid-America Apartment Communities","Real Estate","Multi-Family Residential REITs",3.9,2.95,6.25,13.09,"1",6.87,2023,9,19992911872,0.873,"5",141.416794389059,4.47175204614748,0.000104907754261691,12.5564363029524,-32.7014479551728
"MAR","Marriott International","Consumer Discretionary","Hotels, Resorts & Cruise Lines",8.55,9.16,3.72,21.43,"3",33.65,2023,9,66329636864,1.591,"7",206.760430294931,58.8426412462986,0.00110969747837308,30.1082152509064,-42.8543774992133
"MAS","Masco","Industrials","Building Products",9.73,5.64,6.82,22.19,"1",36.81,2023,9,17732730880,1.247,"8",61.7369377008465,67.7773104822608,0.0012409289718842,9.4974184830744,-41.6955865919727
"MCD","McDonald's","Consumer Discretionary","Restaurants",7.56,12.56,5.84,25.95,"3",52.97,2023,9,210719506432,0.724,"6",277.356147693105,9.2044105193461,0.00021115411481627,14.2375996443957,-18.2045026044991
"MCHP","Microchip Technology","Information Technology","Semiconductors",15.25,9.16,7.4,31.82,"1",75,2023,9,41310883840,1.519,"6",83.7339711714019,18.9001526430995,0.000415141250603741,6.37835793761567,-30.5457835382217
"MCK","McKesson Corporation","Health Care","Health Care Distributors",1.65,7.28,6.29,15.23,"3",11.87,2023,9,67408543744,0.441,"3",461.47545510616,49.8891451971683,0.000970565474509604,78.0548760712444,-46.8019284390441
"MCO","Moody's Corporation","Financials","Financial Exchanges & Data",1.61,6.09,8.12,15.82,"2",13.52,2023,9,88281661440,1.29,"3",359.661219984721,76.4169667887465,0.00136134325316289,49.2515784707435,-43.3161096575554
"MDLZ","Mondelez International","Consumer Staples","Packaged Foods & Meats",7.23,9.39,5.41,22.02,"3",36.13,2023,9,100893089792,0.548,"5",70.1549044796154,8.39244914504717,0.000193257178076151,3.45492347279601,-22.1031132719723
"MDT","Medtronic","Health Care","Health Care Equipment",1.78,13.43,7.57,22.77,"3",39.15,2023,9,113676828672,0.854,"6",82.3591148157439,13.1868124369071,0.000297049100929023,4.38011938064001,-24.0205708119795
"MET","MetLife","Financials","Life & Health Insurance",0.69,6.96,8.77,16.43,"2",15.34,2023,9,54821441536,1.029,"4",65.677823016518,7.38738976899801,0.000170917447234208,6.59997790565355,-36.6029984464513
"META","Meta Platforms","Communication Services","Interactive Media & Services",2.71,21.09,10.29,34.08,"4",81.17,2023,9,1356780404736,1.213,"10",347.790885268216,317.917273117099,0.00342952833512362,119.747615491947,-76.8961486046902
"MGM","MGM Resorts","Consumer Discretionary","Casinos & Gaming",1.3,12.97,10.49,24.76,"2",47.92,2023,9,11303280640,2.236,"1",42.0509091062409,12.9507257553513,0.000292041924129803,3.18376639445041,-34.6169002325541
"MHK","Mohawk Industries","Consumer Discretionary","Home Furnishings",5.75,4.19,4.19,14.14,"2",9.08,2023,9,9834908672,1.375,"1",107.666507228139,45.1806087437173,0.000894024841456133,16.8626561620742,-52.9440694562835
"MKC","McCormick & Company","Consumer Staples","Packaged Foods & Meats",9.63,11.09,5.35,26.07,"2",53.45,2023,9,22768777216,0.758,"10",75.709784713088,-4.12124402910997,-0.000100925063216339,8.34651821284328,-36.4964273463072
"MLM","Martin Marietta Materials","Materials","Construction Materials",16.68,4.77,8.67,30.12,"2",69.4,2023,9,32638973952,0.908,"8",469.935071954317,57.9467072617199,0.00109613307992794,85.1840239590444,-48.4176160456472
"MMC","Marsh McLennan","Financials","Insurance Brokers",0.09,11.31,9.67,21.07,"2",32.16,2023,9,113679212544,0.937,"1",192.20181785474,37.0707316322023,0.000756179606462175,16.3339922184033,-32.2755019334216
"MMM","3M","Industrials","Industrial Conglomerates",17.22,13.59,6.54,37.35,"5",88.51,2023,9,73377218560,0.995,"9",90.7699105477219,31.5336347500385,0.000657295948419799,12.5387857362533,-46.8617523601332
"MNST","Monster Beverage","Consumer Staples","Soft Drinks & Non-alcoholic Beverages",12.07,12.04,5.11,29.23,"2",65.85,2023,9,50022043648,0.737,"9",54.1954785214657,-6.96801971956026,-0.000173205942356641,3.49426791454975,-26.0312252256251
"MO","Altria","Consumer Staples","Tobacco",6.1,17.64,7.58,31.32,"3",73.6,2023,9,86164111360,0.687,"2",44.4082296453595,18.1239013994626,0.000399433811656013,2.86852489340998,-26.9853115356175
"MOS","Mosaic Company (The)","Materials","Fertilizers & Agricultural Chemicals",13.87,11.05,8.6,33.52,"2",79.8,2023,9,8173065216,1.363,"3",36.1808850776636,-32.9814708445013,-0.000959714748852774,6.79428297195099,-53.5876780870808
"MPC","Marathon Petroleum","Energy","Oil & Gas Refining & Marketing",17.09,8.15,5.25,30.49,"3",70.7,2023,9,54844665856,1.364,"6",150.193780214593,59.6826523990842,0.00112234589245279,26.4028687313768,-52.1243091660525
"MRK","Merck & Co.","Health Care","Pharmaceuticals",1.85,10.64,8.9,21.39,"3",33.51,2023,9,299842699264,0.401,"4",114.785406432083,6.57728774405104,0.000152758375253369,9.29816196016468,-24.6540348627048
"MRO","Marathon Oil","Energy","Oil & Gas Exploration & Production",21.07,9.05,7.6,37.72,"2",89.03,2023,9,15304718336,2.169,"5",25.713899516603,11.7394707509122,0.000266186622537454,2.04067179696559,-28.595485410582
"MS","Morgan Stanley","Financials","Investment Banking & Brokerage",1.14,12.91,10.53,24.58,"2",47.11,2023,9,161931493376,1.357,"9",89.4915072062369,20.8702743057447,0.00045455077052411,7.49453852503196,-34.1810002538614
"MSCI","MSCI","Financials","Financial Exchanges & Data",1.57,6.97,7.74,16.27,"1",14.86,2023,9,44539666432,1.111,"4",520.689138969166,25.8977409673336,0.000552277726211064,34.060442126901,-26.1955967219383
"MSFT","Microsoft","Information Technology","Systems Software",1.46,7.53,6.07,15.06,"3",11.36,2023,9,3234487336960,0.896,"1",355.648660431638,74.1130359213342,0.00132981902647216,61.2406457411151,-52.4531613655135
"MSI","Motorola Solutions","Information Technology","Communications Equipment",2.26,5.07,5.8,13.13,"1",6.98,2023,9,73940533248,0.977,"2",315.295071104497,71.7327191245747,0.00129680844988343,45.1206265550767,-42.9372906032938
"MTB","M&T Bank","Financials","Regional Banks",2.63,10.32,13.58,26.53,"1",55.08,2023,9,29028114432,0.744,"8",137.454808467883,18.7211141347308,0.000411527525047927,14.8631095668411,-37.7129752755263
"MTD","Mettler Toledo","Health Care","Life Sciences Tools & Services",1,7.41,4.69,13.1,"0",6.93,2023,9,29563645952,1.139,"5",1312.40691262569,-1.55896482851562,-3.76797236446415e-05,155.318883024854,-39.8138824511261
"MU","Micron Technology","Information Technology","Semiconductors",7.23,5.46,5.49,18.18,"2",21.15,2023,9,98387369984,1.176,"1",83.3210765437076,91.0661105907798,0.00155263623721185,24.8706324328084,-67.1749756053275
"NCLH","Norwegian Cruise Line Holdings","Consumer Discretionary","Hotels, Resorts & Cruise Lines",8.97,10.9,6.08,25.94,"2",52.93,2023,9,8688294912,2.712,"5",16.8434928706959,50.8431695407029,0.000985780572618929,2.39082867010735,-47.3357041936091
"NDAQ","Nasdaq, Inc.","Financials","Financial Exchanges & Data",0.03,5.63,7.43,13.09,"1",6.89,2023,9,42128486400,0.962,"3",56.7250717747154,16.7098506962286,0.000370553381688007,5.24364028171459,-34.4478374032963
"NDSN","Nordson Corporation","Industrials","Industrial Machinery & Supplies & Components",8.18,11.61,5.1,24.89,"1",48.54,2023,9,14591575040,0.902,"8",239.363899376974,7.78473254393368,0.000179774184291065,17.6322441413544,-26.8457120884575
"NEE","NextEra Energy","Utilities","Multi-Utilities",9.38,8.3,5.6,23.27,"2",41.38,2023,9,174643085312,0.551,"4",68.8755980861244,-3.96039558905787,-9.69053564667262e-05,8.50301098161399,-42.4772557456932
"NEM","Newmont","Materials","Gold",7.05,8.24,5.22,20.52,"3",29.93,2023,9,60940009472,0.513,"6",42.1304784528376,7.68454501388771,0.000177544094824434,5.47125681920312,-45.7977844842157
"NFLX","Netflix","Communication Services","Movies & Entertainment",0.09,7.31,9.01,16.41,"2",15.33,2023,9,303381020672,1.262,"9",478.966459721469,137.786047316264,0.00207722091731347,121.631926554382,-58.2576431230299
"NI","NiSource","Utilities","Multi-Utilities",11.98,9.17,4.87,26.02,"3",53.23,2023,9,15419760640,0.504,"2",27.4738277453555,20.4810522224955,0.000446816094992338,1.64948777199545,-29.8850594606969
"NKE","Nike, Inc.","Consumer Discretionary","Apparel, Accessories & Luxury Goods",2.98,9.99,6.65,19.61,"3",26.58,2023,9,120908390400,1.014,"9",104.179999921881,-29.8357897306743,-0.000849716619147899,14.5143139416933,-45.1042499321308
"NOC","Northrop Grumman","Industrials","Aerospace & Defense",7.79,14.37,5.37,27.53,"2",59.19,2023,9,76233113600,0.337,"4",458.941890150736,-3.16843310119876,-7.72113682003837e-05,20.8452940303379,-22.2567701149257
"NOW","ServiceNow","Information Technology","Systems Software",3.99,6.04,6.57,16.59,"0",15.89,2023,9,183719378944,0.987,"5",624.544449728642,121.789883268482,0.00191021648904886,130.219562621609,-57.1555546989218
"NRG","NRG Energy","Utilities","Independent Power Producers & Energy Traders",16.8,9.5,5.69,31.97,"2",75.48,2023,9,16782821376,1.085,"9",50.5503347980919,166.23865118614,0.00234825636804339,17.8881572640744,-64.16279105253
"NSC","Norfolk Southern Railway","Industrials","Rail Transportation",8.02,10.48,5.42,23.92,"3",44.15,2023,9,55861764096,1.307,"10",225.79858854741,3.41542463387068,8.05370248672658e-05,18.7170892981742,-29.8711681089053
"NTAP","NetApp","Information Technology","Technology Hardware, Storage & Peripherals",2.19,7.74,5.5,15.43,"1",12.46,2023,9,24377368576,1.219,"2",87.2205741553786,98.5852926510947,0.00164520025839406,21.4681403345555,-54.85069010262
"NTRS","Northern Trust","Financials","Asset Management & Custody Banks",1.87,11.83,10.17,23.86,"2",43.85,2023,9,18278486016,1.096,"5",81.3733013280841,1.5927827184439,3.78952287705255e-05,7.80706816949653,-36.5593557291111
"NUE","Nucor","Materials","Steel",9.3,14.72,8.8,32.82,"2",77.92,2023,9,33929832448,1.563,"7",163.077463797975,15.9087490400678,0.000354036089552701,15.2402525529036,-34.7862881213475
"NVDA","Nvidia","Information Technology","Semiconductors",2.3,4.95,6.34,13.59,"2",7.86,2023,9,2835422642176,1.673,"8",60.2677057211479,733.880588513337,0.00508613915318687,33.674647826464,-89.4785365461949
"NVR","NVR, Inc.","Consumer Discretionary","Homebuilding",7.21,7.82,5.24,20.27,"1",28.96,2023,9,29192695808,1.187,"9",6618.60124943929,99.8653463315546,0.00166060835844318,1079.09125326298,-50.7650775590939
"NWSA","News Corp (Class A)","Communication Services","Publishing",0.02,4.74,6.72,11.47,"2",4.24,2023,9,15057525760,1.358,"10",22.221124402644,54.8087492065742,0.0010480102949465,3.61109128554895,-45.1476790136191
"NXPI","NXP Semiconductors","Information Technology","Semiconductors",8.58,5.45,5.81,19.84,"1",27.41,2023,9,59243253760,1.497,"2",214.098588496304,65.3402001327185,0.00120583929080828,34.001002532616,-47.2075125004211
"O","Realty Income","Real Estate","Retail REITs",4.41,5.32,5.74,15.47,"2",12.57,2023,9,54585954304,0.992,"5",57.3151196749016,-2.64890070049921,-6.43792853580075e-05,4.90705863774568,-32.3279660973403
"OKE","ONEOK","Energy","Oil & Gas Storage & Transportation",10.83,11.01,3.31,25.15,"1",49.57,2023,9,55288446976,1.634,"5",70.5628468727951,44.4479239819236,0.000881891772040302,7.89438744144548,-38.739712584288
"OMC","Omnicom Group","Communication Services","Advertising",0.09,9.33,6.86,16.28,"1",14.89,2023,9,19903373312,0.964,"1",88.1983254355107,21.6890849274667,0.000470741298873786,6.63417140643799,-27.8402857706968
"ON","ON Semiconductor","Information Technology","Semiconductors",11.79,5.69,4.95,22.43,"1",37.75,2023,9,30593183744,1.656,"2",79.5279185555198,26.3918227157078,0.00056167050342229,10.1337065160363,-44.7312390577581
"ORCL","Oracle Corporation","Information Technology","Application Software",0.5,7.79,5.6,13.89,"2",8.51,2023,9,464054353920,1,"10",112.216076225755,68.7649202412974,0.00125500373165656,15.5891335793811,-42.7842487379383
"ORLY","O'Reilly Auto Parts","Consumer Discretionary","Automotive Retail",0.14,8.15,3.76,12.05,"1",5.1,2023,9,65588211712,0.924,"9",966.457895379317,34.4050349794938,0.000709083223127804,92.0242061788125,-33.948595448583
"OXY","Occidental Petroleum","Energy","Oil & Gas Exploration & Production",24.98,9.7,6.97,41.66,"2",93.23,2023,9,47697215488,1.605,"2",61.4265071284828,-6.6666662501013,-0.00016545052044065,3.00095419172477,-19.7949790301813
"PANW","Palo Alto Networks","Information Technology","Systems Software",0.7,7.62,5.6,13.92,"1",8.57,2023,9,112693567488,1.132,"10",258.286841871636,161.986283290639,0.00230964499412464,58.789458421082,-64.3963903914889
"PARA","Paramount Global","Communication Services","Movies & Entertainment",0.11,7.51,7.37,14.99,"3",11.14,2023,9,7424509952,1.77,"10",14.8779425803554,-38.6643207134713,-0.0011722025624504,3.88995267310548,-61.9405954191
"PAYX","Paychex","Industrials","Human Resource & Employment Services",3.21,7.16,6.36,16.73,"1",16.37,2023,9,48633491456,0.993,"4",118.319497578452,13.2890076108169,0.0002992133264616,5.92407209483559,-20.0228637607589
"PCAR","Paccar","Industrials","Construction Machinery & Heavy Transportation Equipment",8.36,10.99,8.3,27.64,"3",59.68,2023,9,51368513536,0.901,"5",90.5898246582615,46.5711616572365,0.000916884579457219,15.2893341106453,-47.6244023176048
"PCG","PG&E Corporation","Utilities","Multi-Utilities",9.58,15.38,5.42,30.38,"4",70.35,2023,9,52330303488,1.017,"4",17.0022727359425,25.6377575224709,0.00054732047982453,0.871886128485095,-22.9441638716426
"PEG","Public Service Enterprise Group","Utilities","Electric Utilities",12.48,9.28,5.46,27.23,"2",57.89,2023,9,42229178368,0.623,"3",64.6011961247932,30.1369879014769,0.000631696553351816,6.15956177957297,-32.5730511463845
"PEP","PepsiCo","Consumer Staples","Soft Drinks & Non-alcoholic Beverages",7.27,9.63,5.16,22.06,"3",36.32,2023,9,242943328256,0.541,"5",174.49935402026,-3.63970717686128,-8.89111976035489e-05,8.21120303093103,-19.3962850465108
"PFE","Pfizer","Health Care","Pharmaceuticals",2.12,12.85,9.63,24.59,"3",47.15,2023,9,169037660160,0.617,"7",33.3324401709452,-43.4061623511693,-0.00136515607234694,5.96307925524491,-50.7218083183771
"PFG","Principal Financial Group","Financials","Life & Health Insurance",0.81,5.82,7.56,14.19,"1",9.21,2023,9,19411369984,1.192,"7",78.25098099777,-2.80529851771888,-6.82349820303823e-05,5.98793992983673,-29.9068427965657
"PG","Procter & Gamble","Consumer Staples","Personal Care Products",9.6,12.23,6.74,28.57,"3",63.39,2023,9,413267034112,0.407,"4",154.076124638462,13.1754205957099,0.000296807730593701,8.62376560442813,-20.3859084356983
"PGR","Progressive Corporation","Financials","Property & Casualty Insurance",1.45,8.5,10.07,20.02,"2",28.02,2023,9,150497378304,0.353,"3",165.84205751556,93.7913002390122,0.00158659861403693,34.8105259481191,-54.48850112284
"PH","Parker Hannifin","Industrials","Industrial Machinery & Supplies & Components",9.46,13.78,6.24,29.48,"2",66.96,2023,9,77822435328,1.431,"6",435.752966775849,105.717024992281,0.00172981144693689,87.1629221251223,-51.3895361826507
"PHM","PulteGroup","Consumer Discretionary","Homebuilding",9.19,7.31,4.92,21.42,"2",33.61,2023,9,29148821504,1.627,"5",88.5473444359154,184.956692039908,0.0025111919064247,23.7383937067841,-65.8107014774365
"PKG","Packaging Corporation of America","Materials","Paper & Plastic Packaging Products & Materials",13.96,1.06,3.62,18.64,"1",22.83,2023,9,19272724480,0.786,"6",158.77928229154,62.3585907717074,0.00116219958343639,21.9041007443866,-40.8084362158348
"PLD","Prologis","Real Estate","Industrial REITs",2.74,2.5,5.03,10.27,"1",2.96,2023,9,119701798912,1.083,"8",120.659904461728,13.4262107779125,0.000302115861404158,8.64764976722847,-29.0256686403386
"PM","Philip Morris International","Consumer Staples","Tobacco",3.42,13.54,11.49,28.45,"3",62.86,2023,9,191598002176,0.578,"5",97.4169139223236,21.7077958551828,0.000471109999821788,6.9243016273085,-29.0534507493162
"PNC","PNC Financial Services","Financials","Regional Banks",1.94,13.29,10.83,26.07,"3",53.42,2023,9,72141553664,1.128,"2",142.46980818607,16.0293326106963,0.00035652959349234,18.61088888368,-40.7261325543538
"PNR","Pentair","Industrials","Industrial Machinery & Supplies & Components",5.97,10.01,6.07,22.06,"1",36.3,2023,9,15541917696,1.191,"5",68.189186570747,96.2168162486521,0.00161642701966042,10.9067992308096,-49.0359685210278
"PNW","Pinnacle West","Utilities","Multi-Utilities",14.72,10.23,5.84,30.79,"1",71.78,2023,9,10374980608,0.516,"5",76.5086123452803,17.2718743990817,0.000382073779320961,4.57524563226148,-24.7534887638297
"PPG","PPG Industries","Materials","Specialty Chemicals",10.98,7.7,6.54,25.21,"2",49.85,2023,9,29736417280,1.25,"6",135.301363402006,2.27846063788092,5.40261723049637e-05,7.61276953324891,-21.9885269840727
"PPL","PPL Corporation","Utilities","Electric Utilities",17.08,8.9,5.33,31.32,"2",73.57,2023,9,24110428160,0.835,"2",27.2587320199994,9.28081853995079,0.000212831415122382,1.76040354318413,-29.3324997026305
"PRU","Prudential Financial","Financials","Life & Health Insurance",0.64,10.01,9.25,19.91,"1",27.67,2023,9,42368761856,1.286,"4",100.832368440035,21.7933248628753,0.000472794637180874,12.4138240912848,-39.3418131149484
"PSA","Public Storage","Real Estate","Self-Storage REITs",4.74,2.61,5.7,13.05,"1",6.78,2023,9,63529824256,0.67,"6",285.128803745982,25.3629040785456,0.000542068531659215,17.4313932053676,-30.7605013825337
"PSX","Phillips 66","Energy","Oil & Gas Refining & Marketing",20.76,8.82,5.85,35.43,"3",84.49,2023,9,53702402048,1.322,"7",122.251100531035,38.8795399919832,0.000787618111867518,20.5544154493328,-47.4205349843794
"PTC","PTC","Information Technology","Application Software",4.92,8.61,5.37,18.9,"0",23.78,2023,9,21107718144,1.177,"5",155.030741732657,49.6782231959734,0.000967188549695405,22.0781404274121,-38.3382370276636
"PWR","Quanta Services","Industrials","Construction & Engineering",12.15,15.73,9.04,36.91,"2",87.83,2023,9,40356634624,1.009,"4",206.32473696476,95.6688739695217,0.00160972092576209,40.650542457078,-52.1680800100437
"PYPL","PayPal","Financials","Transaction & Payment Processing Services",2.83,9.19,5.75,17.77,"2",19.71,2023,9,73372622848,1.438,"8",65.2432414789519,-2.88281238011938,-7.01482419223062e-05,7.13826652142378,-42.0538179390966
"QCOM","Qualcomm","Information Technology","Semiconductors",5.34,4.5,5.55,15.39,"3",12.29,2023,9,187931803648,1.284,"2",141.726794356935,63.5261269050179,0.00117938270783489,31.1353200756426,-54.634727066629
"QRVO","Qorvo","Information Technology","Semiconductors",12.32,8.5,7.7,28.52,"0",63.22,2023,9,9529769984,1.457,"7",103.554353905637,30.0089748520981,0.00062933644942052,8.9560477904016,-33.8441305507961
"RCL","Royal Caribbean Group","Consumer Discretionary","Hotels, Resorts & Cruise Lines",8.15,7.68,4.88,20.71,"3",30.6,2023,9,43694575616,2.621,"9",108.518325185091,237.959347590429,0.00292027680781871,31.8683973300787,-71.6933992525783
"REG","Regency Centers","Real Estate","Retail REITs",3.72,3.21,4.77,11.71,"0",4.62,2023,9,13652682752,1.218,"1",62.1628468892221,15.6931407337284,0.000349571130755962,3.27150669927652,-24.1161122647157
"REGN","Regeneron","Health Care","Biotechnology",0.34,10.96,6.74,18.04,"2",20.59,2023,9,127109210112,0.122,"10",870.450214148708,64.4329381625831,0.00119264419748885,122.162345571401,-43.375550467261
"RF","Regions Financial Corporation","Financials","Regional Banks",1.82,6.67,8.36,16.85,"2",16.67,2023,9,20617766912,1.188,"7",19.149114848324,9.08244445879669,0.000208474296206593,2.13356707317974,-41.6249990463257
"RJF","Raymond James","Financials","Investment Banking & Brokerage",2.35,11.23,13.44,27.02,"2",56.98,2023,9,24853202944,1.03,"7",108.681794180254,12.6849486448496,0.00028639250297757,10.9885142267998,-35.7950645760518
"RL","Ralph Lauren Corporation","Consumer Discretionary","Apparel, Accessories & Luxury Goods",1.22,7.79,5.62,14.62,"2",10.27,2023,9,11238284288,1.502,"10",139.476004860618,56.9608592693822,0.00108111818767897,26.6274787524153,-44.2863158502055
"RMD","ResMed","Health Care","Health Care Equipment",3.54,12.41,10.43,26.39,"1",54.57,2023,9,36993007616,0.691,"4",195.403947602048,17.1727815777797,0.000380046582939329,28.1166994818818,-45.045305873575
"ROK","Rockwell Automation","Industrials","Electrical Components & Equipment",5.37,6.64,5.65,17.67,"2",19.34,2023,9,29864515584,1.363,"9",284.675358858975,4.05859720242707,9.54052496937752e-05,19.5020017328144,-28.4297633865088
"ROL","Rollins, Inc.","Industrials","Environmental & Facilities Services",1.76,10.63,6.92,19.31,"1",25.54,2023,9,24893739008,0.697,"9",41.8752870787844,37.2913853697016,0.000760036886565868,4.40228504245884,-35.0049414073062
"ROP","Roper Technologies","Information Technology","Electronic Equipment & Instruments",4.67,9.67,6.09,20.44,"0",29.61,2023,9,59662757888,1.022,"8",501.341483741286,27.6089821959718,0.000584653659065848,44.9610497584017,-27.0956559757659
"ROST","Ross Stores","Consumer Discretionary","Apparel Retail",1.79,10.76,5.68,18.23,"2",21.36,2023,9,50816126976,1.092,"7",125.378014176656,30.0267618315552,0.000629664516843913,15.8494528021558,-35.1652645444882
"RSG","Republic Services","Industrials","Environmental & Facilities Services",11.19,6.02,3.7,20.91,"3",31.4,2023,9,64497053696,0.707,"1",161.299378281005,61.8044906471728,0.00115400137304559,24.3018435763824,-41.5878205538322
"RVTY","Revvity","Health Care","Health Care Equipment",0.75,10.1,5.85,16.7,"2",16.28,2023,9,15145726976,1.046,"8",113.709090857985,-13.1784033970212,-0.000338884380046721,12.9500816737093,-43.1500214329015
"SBAC","SBA Communications","Real Estate","Telecom Tower REITs",3.11,3.23,5.23,11.58,"0",4.42,2023,9,26340440064,0.664,"7",228.429186551765,-19.5499355723146,-0.000521663097622737,27.4571416118928,-39.5890819794536
"SBUX","Starbucks","Consumer Discretionary","Restaurants",5.79,14.62,4.27,24.67,"3",47.54,2023,9,109285810176,0.96,"1",94.7120575060685,-6.20847170737871,-0.000153706596557572,9.82004956557484,-36.7143841261706
"SCHW","Charles Schwab Corporation","Financials","Investment Banking & Brokerage",2.39,8.95,11.94,23.28,"2",41.39,2023,9,116510556160,0.964,"10",64.1918420472214,-20.5516273682407,-0.000551709295295565,9.37721105996228,-44.6741445780019
"SHW","Sherwin-Williams","Materials","Specialty Chemicals",14.31,9.2,5.85,29.35,"2",66.41,2023,9,95620767744,1.168,"8",278.381362915039,54.3092294990257,0.00104025992057728,40.7972056394688,-43.4009258136231
"SJM","J.M. Smucker Company (The)","Consumer Staples","Packaged Foods & Meats",12.89,11.99,5.57,30.45,"2",70.6,2023,9,12862360576,0.232,"7",131.872536198374,-27.8696796383804,-0.000783442920946557,16.8724242843816,-33.9012216979441
"SLB","Schlumberger","Energy","Oil & Gas Equipment & Services",8.08,6.29,5.91,20.28,"1",29,2023,9,58923360256,1.528,"1",51.3521530662427,-14.5825210126858,-0.000377984254564552,4.85424371583937,-31.0305911699769
"SNA","Snap-on","Industrials","Industrial Machinery & Supplies & Components",9,13.91,7.62,30.53,"2",70.84,2023,9,14827014144,0.974,"5",267.572631470895,23.6986590785602,0.000510019791949514,16.0165253289388,-22.977704306109
"SNPS","Synopsys","Information Technology","Application Software",3.34,6.93,4.16,14.42,"0",9.81,2023,9,77152632832,1.078,"3",481.352919510107,62.5312903509732,0.00116474904856394,81.6702310950267,-49.2934146572202
"SO","Southern Company","Utilities","Electric Utilities",14.68,11,7.3,32.98,"2",78.44,2023,9,98390876160,0.509,"1",71.7321771503065,20.1668980421106,0.000440554934104093,5.47012624717325,-29.6455199744917
"SPG","Simon Property Group","Real Estate","Retail REITs",3.83,3.99,6.15,13.98,"1",8.73,2023,9,61818773504,1.769,"10",129.657225084077,42.3770672111746,0.000847263201811322,18.0408305665583,-39.750075476752
"SPGI","S&P Global","Financials","Financial Exchanges & Data",0,6.22,6.82,13.04,"1",6.76,2023,9,165069996032,1.177,"3",404.045574279493,53.1282542210579,0.0010218360842709,43.4542455145157,-36.7177120402087
"SRE","Sempra","Utilities","Multi-Utilities",10.86,7.85,4.88,23.59,"2",42.73,2023,9,53152604160,0.759,"7",74.0499041981674,6.92862756574427,0.000160650824491798,3.4468318893516,-20.5767870519762
"STLD","Steel Dynamics","Materials","Steel",10.56,14.36,8.06,32.98,"1",78.41,2023,9,17666150400,1.327,"2",116.329186672229,25.57529099042,0.000546127867887956,13.1326634576973,-38.4295826691391
"STT","State Street Corporation","Financials","Asset Management & Custody Banks",1.61,12.95,9.52,24.08,"1",45.05,2023,9,25887369216,1.495,"5",74.8499282125081,11.0969346669852,0.000252357121152646,6.42296830434771,-33.131442039058
"STX","Seagate Technology","Information Technology","Technology Hardware, Storage & Peripherals",1.59,3.8,5.26,10.66,"1",2.13,2021,5,21484713984,1.058,"6",77.0668420928517,91.8851214383261,0.00156289371973453,15.3969198495841,-52.6339800544931
"STZ","Constellation Brands","Consumer Staples","Distillers & Vintners",9.45,10.04,5.18,24.66,"2",47.5,2023,9,46082215936,0.873,"8",244.516961604214,5.76010556185528,0.000134300211609727,14.8060787730794,-23.5043980888478
"SWK","Stanley Black & Decker","Industrials","Industrial Machinery & Supplies & Components",5,12.51,7.8,25.31,"2",50.29,2023,9,15857777664,1.236,"4",88.4915311530446,34.3483361732024,0.000708071378239344,6.53319172753604,-29.9858577431985
"SWKS","Skyworks Solutions","Information Technology","Semiconductors",11.82,8.93,7.21,27.95,"1",60.89,2023,9,15532438528,1.204,"9",104.505837472432,21.093918605404,0.000458983801805668,7.61186477343787,-29.6983035780538
"SYF","Synchrony Financial","Financials","Consumer Finance",0.13,9.89,7.25,17.28,"2",18.01,2023,9,19441215488,1.612,"8",36.7382535888818,55.1713469238158,0.00105362058604402,6.41066068293443,-48.7552669411417
"SYK","Stryker Corporation","Health Care","Health Care Equipment",3.99,13.24,11.03,28.26,"2",62.09,2023,9,141744701440,0.919,"5",303.331961855364,46.4943361443707,0.000915627291585355,31.3467556985697,-31.7379752474187
"SYY","Sysco","Consumer Staples","Food Distributors",5.42,6.05,4.47,15.95,"2",13.88,2023,9,38230503424,1.198,"6",74.1648565502258,2.60561049163764,6.16844805944159e-05,3.99785218176226,-23.8829551212635
"T","AT&T","Communication Services","Integrated Telecommunication Services",3.26,13.94,6.72,23.91,"3",44.13,2023,9,156167831552,0.733,"1",17.0819856310575,6.18996724428933,0.000144027453151999,1.69111108672843,-34.1332039225624
"TAP","Molson Coors Beverage Company","Consumer Staples","Brewers",7.25,8.61,5.51,21.37,"2",33.42,2023,9,11506942976,0.814,"10",59.2238276905991,9.16262686048477,0.000210236388192366,5.73895345398614,-30.6211970430725
"TDG","TransDigm Group","Industrials","Aerospace & Defense",12.01,17.71,9,38.72,"2",90.45,2023,9,77178421248,1.41,"10",985.677703273353,119.443232829553,0.00188470837580964,214.714519351406,-54.4301281426744
"TEL","TE Connectivity","Information Technology","Electronic Manufacturing Services",5.81,4.44,4.55,14.8,"0",10.69,2023,9,44913152000,1.325,"5",135.502344469134,33.9612778629924,0.000701152520457814,10.452080689978,-28.1848922509322
"TER","Teradyne","Information Technology","Semiconductor Materials & Equipment",7.11,4.89,5.03,17.03,"0",17.27,2023,9,21165559808,1.492,"1",109.03540648684,59.1178811148025,0.00111384923788245,16.7334237993077,-49.2269925544598
"TFX","Teleflex","Health Care","Health Care Equipment",4.83,16.12,8.67,29.63,"2",67.48,2023,9,11376049152,1.156,"6",229.78456911516,-1.87312700430007,-4.53451372024559e-05,20.1377688781366,-34.5554671568896
"TGT","Target Corporation","Consumer Staples","Consumer Staples Merchandise Retail",1.93,7.55,4.86,14.35,"3",9.65,2023,9,70409453568,1.238,"2",145.336627138859,1.24563332423887,2.96867899441057e-05,18.1627590609849,-41.9898355663635
"TJX","TJX Companies","Consumer Discretionary","Apparel Retail",1.89,7.65,4.84,14.38,"2",9.73,2023,9,134904406016,0.889,"7",91.411842035905,48.4242418331636,0.000947013156055592,11.2902195846896,-38.833902634765
"TMO","Thermo Fisher Scientific","Health Care","Life Sciences Tools & Services",1.44,4.89,6.47,12.81,"3",6.31,2023,9,234602758144,0.778,"3",546.42401977247,11.1880428554673,0.000254322929900811,37.7729027481319,-30.6158241615851
"TMUS","T-Mobile US","Communication Services","Wireless Telecommunication Services",4.19,13.38,7.07,24.63,"3",47.33,2023,9,240183296000,0.507,"10",154.226459010366,42.9229076642386,0.000856439308532779,16.432650759121,-37.9748057594955
"TPR","Tapestry, Inc.","Consumer Discretionary","Apparel, Accessories & Luxury Goods",1.1,8.57,5.18,14.84,"2",10.81,2023,9,9963964416,1.552,"6",39.5040191212339,5.51120084660143,0.000128649713320343,5.35074309876865,-45.2317187014692
"TRGP","Targa Resources","Energy","Oil & Gas Storage & Transportation",14.23,14.75,4.24,33.21,"2",79.06,2023,9,33304543232,2.252,"8",92.9392584294223,107.926384605491,0.00175542904293236,21.3330474659188,-54.4928514284159
"TRMB","Trimble Inc.","Information Technology","Electronic Equipment & Instruments",3.76,3.43,5.23,12.41,"0",5.64,2023,9,14239768576,1.484,"2",53.1502870076011,12.035573787028,0.000272532992743238,4.87577026102537,-36.8990598944599
"TROW","T. Rowe Price","Financials","Asset Management & Custody Banks",2.39,8.95,5.57,16.91,"1",16.89,2023,9,24022775808,1.427,"6",110.526961969987,-2.84929048728799,-6.93206400982905e-05,6.66337410568402,-31.3475732895934
"TRV","Travelers Companies (The)","Financials","Property & Casualty Insurance",1.01,9.3,10.02,20.33,"1",29.15,2023,9,55218700288,0.629,"9",190.419473821467,21.8843593820027,0.000474586415612932,21.220548625561,-31.6037946267042
"TSCO","Tractor Supply","Consumer Discretionary","Other Specialty Retail",3.43,8.19,4.47,16.1,"2",14.33,2023,9,29852745728,0.799,"1",234.443301625229,19.8808121575866,0.000434838923721979,24.0290400050051,-35.2334676725533
"TSLA","Tesla, Inc.","Consumer Discretionary","Automobile Manufacturers",3.31,14.08,7.85,25.23,"3",49.93,2023,9,727962550272,2.29,"10",208.586243916927,98.0666083557892,0.00163892852271464,38.063655040495,-63.1485648654596
"TSN","Tyson Foods","Consumer Staples","Packaged Foods & Meats",14.02,12.39,9.51,35.92,"4",85.46,2023,9,22008092672,0.777,"10",55.7107894751444,1.11635078853273,2.66226758499083e-05,5.08164907992041,-31.7158017732258
"TT","Trane Technologies","Industrials","Building Products",4.39,5.71,5.11,15.2,"2",11.78,2023,9,84535984128,1.212,"5",239.493492783542,110.843587848122,0.0017888402464688,60.2907930231121,-54.8664507894987
"TXN","Texas Instruments","Information Technology","Semiconductors",7.76,5.96,6.93,20.65,"2",30.44,2023,9,183878336512,0.976,"8",173.931363374993,31.3277296248522,0.000653539006955301,14.6444816858157,-34.4499382287417
"TXT","Textron","Industrials","Aerospace & Defense",10.92,16.08,6.61,33.61,"2",80.08,2023,9,16617225216,1.231,"4",78.6527271362013,29.8035783879001,0.000625544811452518,9.10200351918225,-36.2033442047088
"UAL","United Airlines Holdings","Industrials","Passenger Airlines",10.78,12.79,5.04,28.61,"2",63.55,2023,9,17309820928,1.434,"9",46.1428946536123,18.3552862109711,0.000404126654409655,5.2690370583275,-41.1560472717863
"UDR","UDR, Inc.","Real Estate","Multi-Family Residential REITs",3.72,3.91,6.29,13.92,"1",8.57,2023,9,17647726592,0.841,"9",39.0355023562053,15.3407570498502,0.000342255793319608,2.93028662205878,-30.2310094890382
"UHS","Universal Health Services","Health Care","Health Care Facilities",3.7,20.68,8.6,32.98,"3",78.43,2023,9,15676926976,1.282,"10",154.565597917475,66.8676812300846,0.0012278920489386,26.3802118020875,-51.0274403001564
"ULTA","Ulta Beauty","Consumer Discretionary","Other Specialty Retail",4.08,7.25,4.28,15.61,"2",12.91,2023,9,18704535552,1.312,"3",453.838468487753,-25.187118570719,-0.000695875549671403,60.492684432169,-43.4835516181182
"UNH","UnitedHealth Group","Health Care","Managed Health Care",0.03,9.67,5.59,15.3,"3",12.06,2023,9,533698674688,0.595,"2",505.270072097413,13.7976236961009,0.000309955525374172,29.9817905262606,-25.7568830790434
"UNP","Union Pacific Corporation","Industrials","Rail Transportation",7.3,10.55,5.6,23.45,"2",42.06,2023,9,154462158848,1.053,"1",221.943971515272,23.369300548671,0.000503626173951455,18.8231720650493,-27.7100935839914
"UPS","United Parcel Service","Industrials","Air Freight & Logistics",4.17,8.91,5.49,18.57,"2",22.59,2023,9,110421450752,0.977,"9",159.992990466396,-26.6601985697062,-0.000743565301849302,18.8396114853873,-37.0912613055384
"URI","United Rentals","Industrials","Trading Companies & Distributors",5.32,6.13,5.42,16.86,"1",16.73,2023,9,51007975424,1.681,"1",525.343349183005,107.804666962623,0.00175402482335792,127.116094502782,-56.8709537301745
"USB","U.S. Bank","Financials","Diversified Banks",1.75,15.5,13.01,30.26,"3",69.91,2023,9,69739225088,1.054,"1",39.2533732373178,5.80197174731254,0.000135249328094719,5.1477101247691,-42.4096370591257
"V","Visa Inc.","Financials","Transaction & Payment Processing Services",1.81,8.22,6.65,16.68,"3",16.22,2023,9,567340761088,0.963,"3",249.845837606768,33.2610038721964,0.00068858382326775,21.082563369871,-28.5773313782128
"VLO","Valero Energy","Energy","Oil & Gas Refining & Marketing",20.15,7.42,4.99,32.56,"2",77.18,2023,9,43507605504,1.381,"5",137.061961671382,22.2342507567903,0.000481460685617539,16.5005829636832,-43.1212182203205
"VMC","Vulcan Materials Company","Materials","Construction Materials",13.42,6.81,9.05,29.28,"2",66.1,2023,9,32370546688,0.815,"6",220.79976084586,39.2447462890644,0.000793915979576134,31.1663528840133,-41.5726236757011
"VRSK","Verisk","Industrials","Research & Consulting Services",0.05,12.49,4.98,17.53,"1",18.83,2023,9,38368903168,0.863,"5",229.743205531362,53.8400885068293,0.00103295801105437,27.4047638833086,-40.169234430155
"VRSN","Verisign","Information Technology","Internet Services & Infrastructure",4.74,10.77,5.79,21.3,"1",33.12,2023,9,17847136256,0.903,"4",200.32894744143,-8.92432866277252,-0.000224171395356531,15.6142325172628,-26.3498677391307
"VRTX","Vertex Pharmaceuticals","Health Care","Biotechnology",0.75,15.4,6.57,22.72,"2",38.93,2023,9,126323048448,0.406,"8",380.938900012149,73.3759994741954,0.00131964618091558,59.3219809623431,-44.0013421507562
"VTR","Ventas","Real Estate","Health Care REITs",3.42,3.89,5.56,12.86,"0",6.43,2023,9,26731040768,1.388,"3",46.981650740336,36.8966322957138,0.000753131765622564,4.25384623701337,-36.1616468584117
"VZ","Verizon","Communication Services","Integrated Telecommunication Services",3.74,9.59,5.39,18.73,"3",23.13,2023,9,185555648512,0.407,"1",38.0233254318602,4.13758696811143,9.72249171230011e-05,2.98370409127214,-28.4080299555246
"WAB","Wabtec","Industrials","Construction Machinery & Heavy Transportation Equipment",5.36,11.99,5.98,23.33,"2",41.6,2023,9,30504617984,1.273,"5",124.393325495378,69.9779507749579,0.00127217875617854,24.3233291046555,-45.7193081942874
"WAT","Waters Corporation","Health Care","Life Sciences Tools & Services",1.35,8.19,5.09,14.62,"0",10.29,2023,9,19528284160,0.955,"7",302.351100538336,0.219916598766916,5.26798887675945e-06,30.3934802993816,-34.5753085055548
"WBA","Walgreens Boots Alliance","Consumer Staples","Drug Retail",1.79,9.29,5.18,16.25,"3",14.82,2023,9,7821272064,0.683,"7",24.4243301455484,-75.1277215876075,-0.00333672978294075,7.86455420262632,-75.470696832213
"WDC","Western Digital","Information Technology","Technology Hardware, Storage & Peripherals",1.48,3.91,6.05,11.43,"2",4.2,2023,9,22630051840,1.38,"8",51.1228708148573,108.81883685617,0.0017656999539081,14.0078280131418,-60.8549343424216
"WEC","WEC Energy Group","Utilities","Electric Utilities",13.36,8.96,5.13,27.46,"1",58.73,2023,9,30387875840,0.435,"4",85.9483731283526,-1.20009010074754,-2.89532210685169e-05,5.67976237721858,-22.4858074233762
"WELL","Welltower","Real Estate","Health Care REITs",4.24,3.49,5.5,13.23,"1",7.15,2023,9,78689722368,1.201,"3",87.4295453523335,80.2539295087217,0.00141294098384922,12.1491222349465,-45.6843129578023
"WFC","Wells Fargo","Financials","Diversified Banks",2.05,14.75,19.43,36.24,"5",86.5,2023,9,185539510272,1.161,"5",48.0060048080517,39.9138548450671,0.000805411809825831,7.57892675665408,-41.88322192243
"WM","Waste Management","Industrials","Environmental & Facilities Services",8.09,5.24,3.32,16.65,"2",16.09,2023,9,83601956864,0.753,"1",178.956961855364,35.0315194131483,0.000720235113508933,22.488295961553,-33.3944936837353
"WMB","Williams Companies","Energy","Oil & Gas Storage & Transportation",8.72,10.13,2.96,21.82,"2",35.38,2023,9,55497883648,1.079,"3",35.2675358758589,42.3639137961516,0.00084704164633591,4.36405640000317,-38.1691086868665
"WMT","Walmart","Consumer Staples","Consumer Staples Merchandise Retail",5.86,12.36,7.05,25.26,"3",50.05,2023,9,631806427136,0.515,"3",55.8196809577029,61.3440112974539,0.00114716694388075,7.31903545687922,-40.8822169915095
"WRB","W. R. Berkley Corporation","Financials","Property & Casualty Insurance",1.97,7.95,11.91,21.83,"1",35.44,2023,9,22357321728,0.623,"9",47.3687639920905,23.3811016696738,0.000503855555951516,6.35368493551405,-37.8224481448782
"WTW","Willis Towers Watson","Financials","Insurance Brokers",0.07,7.83,10.76,18.66,"2",22.89,2023,9,29749815296,0.745,"7",243.230358799108,19.1410368209938,0.000419994697164884,22.2024458031908,-32.765052978209
"WY","Weyerhaeuser","Real Estate","Timber REITs",9.05,4.18,3.45,16.68,"2",16.23,2023,9,24183224320,1.418,"3",31.5580862355574,-1.19896575474884,-2.89259309825293e-05,1.96237608131877,-24.7147258354909
"WYNN","Wynn Resorts","Consumer Discretionary","Casinos & Gaming",3.37,11.75,10.58,25.7,"2",52,2023,9,8879360000,1.799,"8",97.2742824280661,-10.1974106934862,-0.000257928961504495,9.54365296350175,-36.501768204204
"XEL","Xcel Energy","Utilities","Multi-Utilities",12.7,9.26,4.49,26.45,"2",54.78,2023,9,35992227840,0.397,"2",60.568062312295,-12.6159557458095,-0.000323399232646078,5.41378518709321,-33.4432544116938
"XOM","ExxonMobil","Energy","Integrated Oil & Gas",23.11,10.01,8.48,41.6,"3",93.17,2023,9,507282325504,0.878,"7",110.006770284552,10.731386795539,0.000244453582160852,6.12200127280265,-20.7855929057368
"XYL","Xylem Inc.","Industrials","Industrial Machinery & Supplies & Components",4.27,8.66,5.19,18.13,"1",20.92,2023,9,32338771968,1.037,"3",114.06980861317,24.1693717287405,0.000519127934438681,15.3634972130808,-39.8698157099979
"YUM","Yum! Brands","Consumer Discretionary","Restaurants",4.53,11.45,4.12,20.1,"2",28.34,2023,9,37833572352,1.081,"2",132.013588280199,6.26969056543273,0.000145827164544444,5.39060870751402,-18.8141643844375
"ZBH","Zimmer Biomet","Health Care","Health Care Equipment",3.6,14.52,7.89,26.02,"2",53.22,2023,9,21635987456,1.026,"2",122.311483337548,-9.28661204288669,-0.00023372957490514,10.2661360367569,-29.4505515695697
"ZTS","Zoetis","Health Care","Pharmaceuticals",3.24,6.81,8.72,18.77,"2",23.36,2023,9,88666619904,0.883,"3",175.444832651239,24.9506284417998,0.000534169066730068,11.4194834365192,-27.3077117245673
